patch_lon,patch_lat,patchclass,T_eff_wilheit_H,T_eff_wilheit_V,T_eff_lv_multi,T_eff_lv_two,T_eff_wigneron,T_eff_holmes2006,T_eff_wigneron2008,depth_90_lv_multi,t_surf,wc_surf,clay_surf,mvt_surf,sand_surf,bd_surf,t_deep,t_soi_max,eps_surf_real,eps_surf_imag,C_lv_two,C_holmes2006,C_inverted_wilheit,b_param_inverted,dz_surf_inverted,t_soi_layer_1,t_soi_layer_2,t_soi_layer_3,t_soi_layer_4,t_soi_layer_5,t_soi_layer_6,t_soi_layer_7,t_soi_layer_8,t_soi_layer_9,t_soi_layer_10
115.1791275176076,-28.090038633474553,6,313.327,313.327,300.84924,297.57355,299.64606,304.97592,299.83298,0.41627067,306.66278,0.0060884175,0.07590641,0.028862827,0.68277377,1410.8607,296.48462,313.327,2.826823,0.14376464,0.106986046,0.8342676,1.6547563,2.210502e-05,4.5882225,313.327,302.4373,300.45752,301.01474,300.49557,298.30005,296.99158,295.5101,293.97778,292.8268
115.19352019789223,-28.134162294036187,7,313.9086,313.9086,300.98016,297.46442,299.84433,305.57938,300.05585,0.42723066,307.4063,0.0068256515,0.06509103,0.028829653,0.6810577,1424.5835,296.2621,313.9086,2.846698,0.14555681,0.10788751,0.83606577,1.583467,2.237083e-05,4.547633,313.9086,303.2835,300.73907,301.10278,300.65796,298.17572,296.7568,295.3111,293.89755,292.89276
115.09595963752018,-28.123947693296422,10,313.68423,313.68423,300.91003,298.45035,300.28284,305.29117,300.57266,0.26775274,306.8672,0.0054709045,0.06799935,0.028838575,0.702086,1477.3754,297.4502,313.68423,2.810557,0.1422423,0.10620463,0.8326425,1.7239091,2.1869682e-05,4.6239667,313.68423,302.5448,299.7634,300.03476,300.08786,299.36038,297.96936,296.45218,294.6612,293.3007
115.39480083784146,-28.106162019720312,6,313.29306,313.29306,301.14932,297.9909,299.9751,305.13397,300.2451,0.41774023,306.76514,0.005972086,0.071952075,0.028850699,0.69412035,1464.3387,296.94135,313.29306,2.8238022,0.14347734,0.10683811,0.8339569,1.6645014,2.205967e-05,4.594953,313.29306,302.6261,300.75543,301.3316,300.76114,298.718,297.4405,295.9818,294.41348,293.20248
115.3608841708856,-28.138363073789492,7,314.34824,314.34824,301.03192,297.47983,299.80573,305.52435,299.99985,0.42704082,307.34326,0.0065860106,0.08332702,0.028885588,0.6790848,1412.3962,296.2909,314.34824,2.8399572,0.14493549,0.10757297,0.8354283,1.6337985,2.2275934e-05,4.5617175,314.34824,302.9017,300.74423,301.34363,300.72388,298.1878,296.7838,295.34335,293.91315,292.89554
115.31563094984679,-28.18161733567872,10,313.25546,313.25546,300.24,297.66116,299.24173,304.85245,299.60495,0.27121514,306.56754,0.0034860657,0.06847855,0.028840045,0.7201053,1483.7273,296.63068,313.25546,2.7581027,0.13740186,0.10370356,0.82740265,1.6730424,2.1140982e-05,4.7419815,313.25546,302.327,299.5104,299.57574,299.23978,298.45355,297.1165,295.6968,294.00412,292.68582
115.62020633584679,-28.101582083325763,6,314.2902,314.2902,303.06378,300.3039,302.2828,306.6226,302.44586,0.26850992,308.01688,0.00805921,0.1049505,0.028951915,0.64063686,1437.8815,299.3568,314.2902,2.879008,0.14850242,0.10936266,0.8389967,1.7243959,2.2816786e-05,4.482653,314.2902,304.0392,302.00046,302.357,302.4084,301.6206,300.01724,298.0873,296.1355,294.70636
115.90882010690056,-28.17511131842702,6,312.3147,312.3147,303.1765,300.36493,302.07965,305.84045,302.25098,0.31499094,307.04675,0.008067717,0.09714101,0.02892796,0.6665866,1462.0781,299.54382,312.3147,2.8793645,0.14862138,0.109438896,0.8392239,1.7021183,2.2852033e-05,4.4793425,312.3147,303.70657,302.2905,302.79837,302.81296,301.87714,300.2393,298.20694,296.1169,294.57886
115.86506272212849,-28.110195777818888,7,312.64413,312.64413,304.45334,301.51086,303.96732,307.05133,303.91513,0.2884755,308.01382,0.021974355,0.124721706,0.029012559,0.62315315,1413.0511,300.56857,312.64413,3.264551,0.18476228,0.1265645,0.8707229,1.6219145,2.8934543e-05,3.836592,312.64413,305.07794,303.4396,303.77695,304.21176,303.21353,301.2979,299.1666,297.0234,295.5382
116.06311026839127,-28.161646625335987,6,312.04514,312.04514,302.4895,299.607,301.16583,305.32874,301.43457,0.28808686,306.64172,0.005696889,0.08529815,0.028891634,0.69158924,1499.6426,298.76865,312.04514,2.816235,0.1427822,0.10648382,0.8332322,1.6863151,2.1954555e-05,4.611133,312.04514,303.21564,301.70755,302.1207,301.95667,301.07098,299.45468,297.44986,295.44107,293.936
116.66661105496621,-28.160154123090102,6,311.26227,311.26227,303.51657,301.0676,302.73315,305.86334,302.81668,0.2668541,306.87354,0.0106379455,0.11134864,0.02897154,0.6287525,1430.4673,300.3304,311.26227,2.9485497,0.155104,0.112663984,0.8456094,1.67074,2.3884959e-05,4.343386,311.26227,304.09085,302.47906,302.8794,303.34354,302.7157,301.0564,298.93488,296.82513,295.2399
116.81702913759385,-28.184221555879144,6,312.06934,312.06934,303.78024,301.58704,303.22647,306.18793,303.29572,0.24898356,307.1446,0.011417592,0.11603156,0.028985903,0.6050835,1428.2109,300.8747,312.06934,2.9696994,0.15705284,0.11361301,0.8474173,1.7854584,2.4193063e-05,4.304847,312.06934,304.022,302.59955,303.16458,303.78952,303.3584,301.63196,299.41904,297.26462,295.63885
116.87757163172469,-28.12232215678488,7,311.2979,311.2979,303.97983,301.44617,303.65286,306.2196,303.56415,0.2684837,306.9984,0.025310466,0.13069184,0.02903087,0.5882969,1395.7229,300.61047,311.2979,3.360467,0.19423358,0.13082689,0.8780796,1.6730652,3.0806896e-05,3.7027361,311.2979,304.27228,302.79285,303.23172,304.04886,303.3438,301.36526,299.15955,297.0039,295.44843
117.12612076910636,-28.129574956227085,7,311.43384,311.43384,303.59473,301.18762,303.29208,305.94064,303.263,0.2779698,306.76215,0.021961387,0.114814356,0.02898217,0.6161043,1428.3763,300.37845,311.43384,3.264316,0.1850608,0.12675971,0.8713104,1.7318159,2.907622e-05,3.8302658,311.43384,303.80005,302.27164,302.90878,303.65045,302.96997,301.11984,298.95322,296.80453,295.21988
117.26647441110624,-28.027831526865356,6,313.32834,313.32834,302.85925,300.53455,301.97067,305.9476,302.23218,0.23432603,307.19843,0.0053422335,0.10071754,0.02893893,0.64218503,1500.166,299.74445,313.32834,2.8065414,0.14184861,0.1059984,0.8321957,1.8223679,2.1805776e-05,4.6334867,313.32834,303.3117,301.61044,302.25363,302.5491,302.01212,300.42334,298.43933,296.31772,294.6663
115.21164472924036,-28.42479308622267,6,311.85104,311.85104,299.02234,296.06345,297.79147,303.6345,298.29404,0.43345565,305.42947,0.003788343,0.08206909,0.02888173,0.6369275,1555.0969,294.97504,311.85104,2.765799,0.13816151,0.10410863,0.8283056,1.6142435,2.1263393e-05,4.7224836,311.85104,301.35788,299.17786,299.492,298.72357,296.41342,295.36285,294.22955,292.95346,291.96255
115.20495364838901,-28.3023331602407,7,313.67233,313.67233,300.3812,296.80634,299.0544,305.00015,299.35736,0.450481,306.87692,0.0057958034,0.0578243,0.028807364,0.695619,1458.7688,295.60443,313.67233,2.8193774,0.1430601,0.10662353,0.8335087,1.6028312,2.1994545e-05,4.604742,313.67233,302.5682,300.1787,300.62384,300.20514,297.703,296.07504,294.69983,293.3591,292.4085
115.14010543615056,-28.363331673769597,10,311.68076,311.68076,299.73074,297.36734,298.86285,303.9983,299.23972,0.2786535,305.5734,0.0036894034,0.08704551,0.028896995,0.66128904,1513.432,296.41513,311.68076,2.7631052,0.13790448,0.10397333,0.8280116,1.6668688,2.1223394e-05,4.7289815,311.68076,301.701,298.94962,299.01367,298.9216,298.18243,296.91043,295.463,293.73398,292.393
115.03870627564605,-28.42121689515134,12,314.19922,314.19922,299.74838,295.50824,298.78473,305.3697,299.30872,0.5922099,307.49203,0.009429567,0.06216451,0.028820677,0.725231,1570.9347,294.0097,314.19922,2.9167502,0.15206197,0.11114776,0.84258276,1.4974796,2.338494e-05,4.406322,314.19922,303.23932,299.7355,299.93405,300.2184,297.23987,294.40036,293.25873,292.03348,291.05383
115.42011671229578,-28.33393544049577,6,310.51685,310.51685,303.0829,300.2337,302.1546,305.37906,302.20023,0.27865928,306.4173,0.013048073,0.11591216,0.028985538,0.5796133,1417.4579,299.4245,310.51685,3.0143259,0.161353,0.115721464,0.85152763,1.5862529,2.4921417e-05,4.2214856,310.51685,303.81796,302.33588,302.5238,302.84497,301.94003,300.12848,298.0713,295.92496,294.46738
115.88556763788586,-28.371123997970408,6,310.66013,310.66013,301.9351,298.90738,300.48004,304.56427,300.74176,0.4016696,305.85468,0.005987631,0.08791412,0.028899658,0.67278063,1500.4453,298.07596,310.66013,2.823905,0.1435482,0.10688603,0.83410954,1.617769,2.2081924e-05,4.5927677,310.66013,302.80777,301.58438,302.05484,301.6039,300.1588,298.68652,296.90225,295.0163,293.5917
116.11590271222038,-28.39421999977251,6,309.30545,309.30545,301.84546,298.673,300.18353,304.08295,300.42877,0.41262984,305.31482,0.006054438,0.088718325,0.028902125,0.6640149,1497.3408,297.87723,309.30545,2.8256595,0.14375004,0.106996596,0.83437115,1.5365489,2.2120163e-05,4.587744,309.30545,302.78455,301.7438,302.2146,301.75293,299.8982,298.4639,296.74948,294.94064,293.54477
126.94554950331592,-14.663230143292964,7,310.59045,310.59045,302.57486,301.74414,304.42166,305.2309,304.0685,0.08468785,305.72736,0.10663979,0.108556576,0.028962975,0.64044106,1433.4498,300.8329,310.59045,6.4647307,0.395834,0.18618023,0.8985641,1.9935904,3.74491e-05,2.5200515,310.59045,302.64386,301.1481,300.57782,300.98697,301.32147,300.88937,300.72424,300.85492,300.7967
127.58588245301262,-14.571685796132016,9,310.67627,310.67627,303.107,302.07236,304.91183,305.5048,304.50003,0.0794602,305.98907,0.13128044,0.13987966,0.029059052,0.5710196,1446.7057,301.0834,310.67627,7.6049585,0.4691752,0.20159459,0.90127903,1.9554647,3.853606e-05,2.3060071,310.67627,303.01715,301.26102,300.55728,300.907,301.26477,301.06436,301.11996,301.36407,301.2782
127.62146648636954,-14.609283695838478,10,311.71313,311.71313,303.04254,302.4087,305.1804,305.93707,304.81436,0.08318041,306.44818,0.112697035,0.10858651,0.028963067,0.6206786,1450.7894,301.46698,311.71313,6.7322173,0.4108732,0.18905276,0.8973955,2.0569646,3.699892e-05,2.4775274,311.71313,303.1099,301.45453,300.8029,301.2147,301.646,301.42758,301.5427,301.9024,301.89288
127.85826058084962,-14.642818801384427,7,311.3855,311.3855,303.14865,302.302,305.15735,305.84708,304.7555,0.08156873,306.3554,0.12122818,0.12989773,0.029028434,0.5818502,1436.5781,301.32196,311.3855,7.1248045,0.43679127,0.19470495,0.89900976,1.999333,3.7623515e-05,2.3975062,311.3855,303.16602,301.56876,300.9698,301.35687,301.65762,301.32104,301.32373,301.52368,301.369
128.08851946460408,-14.688769649842914,10,312.59543,312.59543,304.68805,303.3551,306.37927,307.20905,305.9756,0.08456216,307.78137,0.11115864,0.1451149,0.02907511,0.52751386,1437.1256,302.3381,312.59543,6.651695,0.403096,0.18683922,0.8948587,1.8844056,3.6056103e-05,2.5101802,312.59543,304.729,303.4491,302.98593,303.2143,303.11014,302.3735,302.27002,302.48306,302.15137
128.15416583211586,-14.697915951337393,16,314.32166,314.32166,305.96606,304.6796,307.7237,308.68558,307.35773,0.08824228,309.30527,0.09987877,0.114010364,0.028979704,0.5700518,1458.1497,303.67767,314.32166,6.14632,0.36731336,0.17803848,0.88988245,1.8913913,3.433266e-05,2.6480007,314.32166,306.1246,304.77628,304.3265,304.64584,304.71252,303.8784,303.29178,303.1932,302.73782
127.4648808014609,1.107439652990759,13,316.94907,316.94907,305.97324,304.22617,308.66718,309.17963,307.80942,0.07455455,309.9231,0.15919912,0.3073437,0.029572714,0.21960276,1243.8502,302.66815,316.94907,8.954092,0.54666764,0.2147519,0.8975212,1.968439,3.7046873e-05,2.1475072,316.94907,305.46823,303.19995,302.5514,303.32462,303.49234,302.819,302.37817,302.2239,302.1651
164.71041666666665,-20.98958333333332,1,309.54654,309.54654,301.84195,299.25638,303.08945,303.85043,302.4492,0.076529354,304.42023,0.14096195,0.37175184,0.029770274,0.22667792,1362.4001,297.85654,309.54654,8.084375,0.5153938,0.2132715,0.9131899,1.7810107,4.4107357e-05,2.1643689,309.54654,301.16983,298.98923,297.16052,296.72977,297.45108,297.99167,297.59674,296.79614,296.16147
164.60703671409257,-20.90139983359431,10,313.54538,313.54538,303.41962,300.54745,304.74295,306.64487,304.19623,0.10175064,307.5127,0.0787349,0.38297412,0.029804695,0.23398536,1347.966,299.13367,313.54538,5.2640195,0.32040223,0.16872895,0.89642763,1.7199742,3.663376e-05,2.80938,313.54538,303.68762,300.7658,298.3814,297.98883,298.87793,299.2994,298.81503,297.8814,297.10248
164.63621926116872,-20.902213539779314,12,314.18332,314.18332,304.31818,300.70642,305.9637,306.85672,305.06967,0.07888284,307.7025,0.14487201,0.3814689,0.02980008,0.232603,1348.3815,298.83923,314.18332,8.244748,0.5133044,0.21066523,0.90457183,1.731197,3.993728e-05,2.1946282,314.18332,303.59335,300.8033,298.2641,297.7093,298.63742,299.04068,298.452,297.50375,296.74707
170.76401566718144,-45.51211990358841,10,302.16888,302.16888,291.30002,285.6287,290.73584,296.48544,290.32416,0.19723861,298.08087,0.027900279,0.3042078,0.029563095,0.20216615,1316.3171,283.66766,302.16888,3.4310033,0.20471162,0.13605827,0.8893087,1.2836297,3.414391e-05,3.5498936,302.16888,295.48886,290.87402,287.26532,285.7819,284.76834,284.02145,282.98758,281.90704,281.1029
130.13230539486142,-17.1310294113596,7,317.6349,317.6349,306.99786,304.20712,309.28934,310.12073,308.513,0.08014952,311.06622,0.13818623,0.18161835,0.029187078,0.46045652,1417.3613,302.50262,317.6349,7.8891673,0.47108132,0.19904006,0.88958997,1.7670449,3.423621e-05,2.3391979,317.6349,306.9013,304.88275,303.99792,304.32245,304.06677,302.60663,302.30273,302.52393,302.135
130.1179580974275,-17.119133066606455,10,318.17114,318.17114,307.48413,304.6059,309.88773,310.61096,309.04077,0.078612775,311.58133,0.1465297,0.19853324,0.02923896,0.4483946,1398.4105,302.82568,318.17114,8.294369,0.49469554,0.20332271,0.8891722,1.7526358,3.4099292e-05,2.2840252,318.17114,307.403,305.16855,304.06378,304.27475,304.07495,302.91147,302.6607,302.8743,302.43564
130.3793659127417,-17.133559851075763,10,316.31085,316.31085,309.3849,305.0869,310.96588,311.1148,309.8531,0.07016876,312.08118,0.19399902,0.3195108,0.029610034,0.38579845,1342.6426,302.98328,316.31085,10.816742,0.65353084,0.23122364,0.8937825,1.4649067,3.5669716e-05,1.9743738,316.31085,309.39932,306.45474,304.727,304.71027,304.24677,303.0414,302.87143,303.03403,302.60233
130.59033756226412,-17.136460025606787,7,318.37643,318.37643,307.37756,304.44556,310.16513,310.54224,309.12646,0.07207204,311.50427,0.17615217,0.3004403,0.02955154,0.42212066,1350.2782,302.43304,318.37643,9.834194,0.5944412,0.221856,0.89394754,1.7575779,3.5728463e-05,2.0697017,318.37643,307.14694,305.23557,304.32153,304.4615,303.93094,302.49258,302.31857,302.50534,302.19247
131.54728309629365,-17.0910299310244,7,315.1143,315.1143,306.68988,303.84937,308.5505,309.13672,307.8338,0.07692884,309.9556,0.1536936,0.21213818,0.02928069,0.4535679,1466.9651,302.22668,315.1143,8.674358,0.524484,0.20994705,0.8940503,1.6674538,3.576512e-05,2.2030976,315.1143,306.68472,304.26825,302.91028,303.07977,302.94208,302.07187,302.52426,303.07645,302.82404
131.53958333333335,-17.097916666666663,9,316.11584,316.11584,306.73737,303.9885,308.66748,309.51572,308.09497,0.08108546,310.3827,0.13371159,0.18610835,0.02920085,0.46083972,1561.6001,302.41544,316.11584,7.6789308,0.46058455,0.19744062,0.89118415,1.7195897,3.476828e-05,2.3604143,316.11584,306.74756,304.60556,303.2904,303.28778,303.17505,302.265,302.70456,303.34903,303.11246
131.62576529900952,-17.12530336016377,10,317.1567,317.1567,305.0559,302.90662,307.70853,308.99265,307.03015,0.08478442,309.9477,0.1101198,0.12089775,0.02900083,0.6612142,1396.0269,301.32468,317.1567,6.5913925,0.39320767,0.18345529,0.88924605,1.8360201,3.4123415e-05,2.5616148,317.1567,305.37674,302.86108,301.47357,301.45023,301.60596,301.19662,301.57077,302.0038,301.72818
131.90671379995348,-17.235994555231066,7,315.77368,315.77368,303.2318,300.9557,305.6231,307.4295,304.94995,0.089984074,308.42224,0.08668698,0.06571665,0.028831571,0.8167641,1321.1859,299.42038,315.77368,5.596267,0.33428845,0.17055422,0.8897196,1.8166578,3.4278906e-05,2.7763557,315.77368,303.761,301.1885,299.58112,299.20596,299.35983,299.28314,299.68417,299.9018,299.5584
131.87467985208914,-17.123851236500883,10,316.36505,316.36505,303.765,301.58,306.18912,308.03244,305.5484,0.09270156,309.03314,0.0840444,0.064272,0.028827142,0.7988091,1334.2307,300.07056,316.36505,5.485337,0.32639924,0.16841465,0.8883464,1.8180574,3.383168e-05,2.8151386,316.36505,304.38428,301.73895,300.2116,299.9139,300.0955,299.93558,300.33,300.65472,300.345
132.1411960935965,-17.173858564531233,7,315.73724,315.73724,303.12775,300.7067,305.4839,307.2514,304.78845,0.089150086,308.2508,0.089880966,0.070757605,0.028847035,0.78708917,1324.2649,299.13202,315.73724,5.7293434,0.34289432,0.17268586,0.8904021,1.8209931,3.450533e-05,2.7386682,315.73724,303.50397,300.95148,299.32895,298.9262,299.0639,298.99738,299.39078,299.5749,299.22366
132.1245563911967,-17.12363300266893,10,315.99152,315.99152,303.50058,301.25766,305.8918,307.64142,305.21814,0.08965203,308.6227,0.08825076,0.07330402,0.028854845,0.78184104,1320.3492,299.7344,315.99152,5.6597037,0.3379614,0.17137676,0.8895971,1.8290449,3.4238557e-05,2.761703,315.99152,303.95044,301.32782,299.82144,299.51816,299.68228,299.58444,300.02267,300.31622,299.99377
132.37018241504157,-17.123496377923846,10,316.21652,316.21652,303.33908,301.13177,305.8911,307.45862,305.1429,0.08686669,308.423,0.0977796,0.09717179,0.028928054,0.7184646,1294.6163,299.558,316.21652,6.061658,0.3636098,0.17752361,0.8912133,1.8791344,3.477816e-05,2.6564853,316.21652,303.48145,300.90494,299.3969,299.1596,299.3535,299.3842,299.89212,300.15225,299.80487
130.12000109593956,-17.370247128089577,10,316.02533,316.02533,308.13098,304.69946,309.60696,310.3577,308.77188,0.08018331,311.26474,0.1415283,0.19298567,0.029221945,0.4559387,1331.9182,303.04947,316.02533,8.050219,0.48069745,0.2008431,0.88958955,1.5794805,3.423606e-05,2.315684,316.02533,308.24628,305.90723,304.59076,304.81204,304.55264,303.21597,302.72937,302.69516,302.17218
130.38726408753368,-17.393225690814745,7,317.43225,317.43225,306.86972,304.47406,309.32904,310.0004,308.52264,0.078160234,310.87698,0.14725044,0.20467675,0.029257804,0.43900263,1369.7576,302.82504,317.43225,8.337855,0.500037,0.2047987,0.89113426,1.8141227,3.475139e-05,2.2655427,317.43225,306.72058,305.05493,304.44492,304.82382,304.49142,302.94208,302.60004,302.67297,302.16193
130.6215359408428,-17.34209777916346,10,318.8478,318.8478,307.11102,304.84814,310.0153,310.68637,309.14206,0.0778053,311.62042,0.14967935,0.23735249,0.029358031,0.4484892,1358.079,303.0947,318.8478,8.449976,0.50577873,0.20566374,0.89044285,1.847715,3.4518936e-05,2.254833,318.8478,307.03784,305.2309,304.51144,304.77673,304.50113,303.21674,302.86008,302.84592,302.24805
130.87763754839207,-17.374381474378076,10,317.05344,317.05344,309.7909,305.65543,311.6337,311.58563,310.45502,0.067448676,312.52325,0.21264087,0.404215,0.029869849,0.33948687,1333.1885,303.45557,317.05344,11.890239,0.7240584,0.24260497,0.89659685,1.4995961,3.669712e-05,1.868396,317.05344,309.65088,306.83185,305.0579,305.08313,304.67242,303.49814,303.3737,303.4152,302.90012
166.54375000000002,-13.14791666666666,1,320.70587,320.70587,308.7976,304.3542,311.9569,312.05423,310.11646,0.07009379,313.38208,0.19442207,0.21780765,0.02929808,0.18150637,956.0,301.70187,320.70587,10.823428,0.64036405,0.22707844,0.88631654,1.6270258,3.3190376e-05,2.0155923,320.70587,308.73834,304.7661,301.4599,300.8212,301.42694,301.7311,301.64566,300.99707,300.37863
130.12629293881713,52.602061986237466,9,253.5363,253.5363,253.54292,260.66116,255.73486,248.13506,258.4545,0.016938811,253.59196,0.1796191,0.07264135,0.028852813,0.30527773,653.54474,268.61642,273.83594,10.773497,1.8700222,0.5294872,1.3632015,1.0037049,-1.2927655e-05,0.68861866,253.5363,253.62724,253.84586,254.3655,255.43188,260.0262,267.4101,270.93533,273.16,273.83594
130.3863760790493,52.63304070407018,8,251.62057,251.62057,251.62274,257.94293,253.10454,244.37038,256.44125,0.01622524,251.66545,0.22152317,0.09856612,0.028932331,0.27594915,490.9026,268.21414,273.16,13.501767,2.6915884,0.6206675,1.440825,1.0027118,-1.09673565e-05,0.5355918,251.62057,251.69392,251.87643,252.36934,255.29875,261.77206,267.03363,270.4834,273.16,273.15997
130.35481826553038,52.60864787136771,9,253.49785,253.49785,253.50073,258.48413,254.45634,248.11594,257.1898,0.016232869,253.55656,0.23612916,0.10388852,0.028948657,0.24180415,395.78506,266.53998,273.16,14.554826,2.7931054,0.62047315,1.4190449,1.0045223,-1.1444672e-05,0.5358749,253.49785,253.59378,253.80797,254.30324,255.4819,259.16733,265.0216,269.45862,273.16,273.15997
130.71065170724995,52.59189189983728,4,252.91475,252.91475,252.91788,258.9513,254.24652,246.5279,257.32507,0.016293418,252.97148,0.22468033,0.089306444,0.02890393,0.24345449,510.52444,268.31924,273.16,13.738385,2.6401186,0.6103797,1.419839,1.0036964,-1.1426406e-05,0.5507971,252.91475,253.00745,253.21472,253.75897,256.2141,261.86288,267.19513,270.4801,273.16,273.15997
130.6320773166599,52.61712720692435,8,252.31969,252.31969,252.32204,258.1934,253.5439,245.55356,256.77386,0.016199283,252.37144,0.2312773,0.10272785,0.028945096,0.24977675,438.50638,267.9872,273.16,14.194948,2.8090882,0.6271757,1.4366026,1.0033145,-1.1056203e-05,0.5261975,252.31969,252.40425,252.60092,253.10272,255.6393,261.46912,266.78473,270.29868,273.16,273.15997
122.33018514608094,-18.827114714858727,10,313.34528,313.34528,304.61823,304.9456,306.07266,307.89246,306.09537,0.23074186,308.48047,0.013949945,0.061576925,0.028818874,0.7653132,1422.5276,304.47864,313.34528,3.0403228,0.16347961,0.11668217,0.85306394,2.2156453,2.5204077e-05,4.1844993,313.34528,305.39587,303.27893,303.79092,304.54883,305.0677,304.73236,303.99084,302.85236,301.7042
122.62601348823077,-18.87692035037189,7,312.60367,312.60367,303.99994,303.3361,304.73767,307.01236,304.7823,0.41459912,307.74597,0.013840148,0.06253541,0.028821815,0.7772259,1441.1327,302.75394,312.60367,3.0372488,0.16330387,0.116619766,0.85304207,1.9730895,2.5200015e-05,4.186884,312.60367,304.66592,302.21228,302.69263,303.99286,303.62375,303.02325,302.2362,301.30185,300.4222
122.5987936376979,-18.824509904393285,10,313.2634,313.2634,304.67313,304.71005,305.50763,307.58505,305.5972,0.24056122,308.2428,0.0059462013,0.06130121,0.028818028,0.7618865,1435.3329,304.28787,313.2634,2.8233316,0.14333867,0.10674894,0.83369,2.269455,2.2020846e-05,4.5990148,313.2634,305.05945,303.26312,304.00375,304.7104,305.04,304.55527,303.77386,302.69083,301.6241
122.87512723753277,-18.875152104814465,7,312.8981,312.8981,304.40912,303.9655,305.2659,307.30402,305.3071,0.3752343,307.96045,0.014732677,0.06234078,0.028821217,0.77480686,1450.6,303.43256,312.8981,3.0619411,0.16558962,0.11770356,0.8550244,2.0904968,2.5573472e-05,4.14584,312.8981,304.8297,302.31757,302.99908,304.39636,304.39957,303.74597,302.83002,301.80075,300.85196
122.86081476788702,-18.854547464339422,10,313.2063,313.2063,304.903,304.89716,305.64322,307.6792,305.74435,0.22999117,308.32086,0.0054789134,0.062229168,0.028820876,0.7734197,1451.5641,304.49054,313.2063,2.8108945,0.14218788,0.106160164,0.832475,2.2754638,2.1845688e-05,4.6260138,313.2063,305.22324,303.44153,304.3231,305.0692,305.38992,304.7959,303.9035,302.81372,301.78986
123.05910221022894,-18.861510085562347,10,312.59482,312.59482,305.0189,305.01337,305.7055,307.58725,305.78894,0.24598595,308.18048,0.0055154497,0.064094216,0.028826596,0.79659957,1434.8105,304.63702,312.59482,2.8118286,0.14228188,0.106209815,0.83258444,2.2457714,2.1861364e-05,4.623726,312.59482,305.3815,303.49832,304.41098,305.23218,305.54514,304.9458,304.0435,302.93747,301.88516
123.62423885125783,-18.87683399972468,7,313.42645,313.42645,305.52814,304.79486,305.64807,308.0143,305.7971,0.35703075,308.75922,0.0053246226,0.06893233,0.028841436,0.7106933,1492.0957,304.32507,313.42645,2.806681,0.14177513,0.10594404,0.8320067,2.0525677,2.1778846e-05,4.636003,313.42645,305.79993,303.4427,304.53128,305.66345,305.48758,304.68887,303.62567,302.42493,301.3667
124.12601966446651,-18.87523381242772,7,313.49216,313.49216,305.8876,304.887,306.9491,308.3015,306.80896,0.3829051,308.8285,0.05303019,0.061616305,0.028818995,0.7494158,1469.8811,304.1927,313.49216,4.2940764,0.25406376,0.14976728,0.88632536,2.0060103,3.3193115e-05,3.1999223,313.49216,305.8715,303.8621,304.75034,306.19824,305.4878,304.56717,303.47287,302.3194,301.26346
124.37497625505146,-18.874991508047398,7,313.94003,313.94003,306.02643,304.9133,307.04565,308.45108,306.89142,0.39128625,308.99814,0.052696187,0.061830264,0.028819652,0.7684618,1455.2576,304.19537,313.94003,4.281759,0.2531707,0.14947987,0.88609546,2.0289686,3.312191e-05,3.2066007,313.94003,305.8647,304.04184,305.15576,306.56128,305.56445,304.56558,303.4837,302.44025,301.48392
124.46041666666667,-18.793750000000003,10,314.49557,314.49557,307.0788,306.43726,307.8563,309.4352,307.8187,0.262112,309.91537,0.02716599,0.06356011,0.028824957,0.78996146,1439.5001,305.90558,314.49557,3.4162326,0.1986803,0.13259345,0.8802519,2.1422527,3.1403688e-05,3.6497755,314.49557,307.01126,304.91675,306.10443,307.34,307.26868,306.30038,305.14658,303.86557,302.686
124.87522156634631,-18.88440856590247,7,314.1639,314.1639,305.97314,305.19476,307.42102,308.64407,307.231,0.2841819,309.17612,0.063644,0.098257296,0.028931385,0.6799669,1459.0913,304.45755,314.1639,4.6834884,0.27782425,0.15623629,0.8872465,2.0570567,3.3481316e-05,3.0560596,314.1639,306.01358,304.71637,305.16022,306.80844,305.7635,304.8214,303.7581,302.7013,301.7289
121.5823127787336,-19.126198460579776,6,310.89853,310.89853,303.29095,302.25555,303.12686,305.79675,303.24252,0.56267166,306.6272,0.004480901,0.11423295,0.028980386,0.67872036,1419.5297,301.7431,310.89853,2.783487,0.1397443,0.10491955,0.82996917,1.8745391,2.1492313e-05,4.683902,310.89853,303.9189,302.1797,302.6119,303.4734,302.8716,301.93112,301.38165,300.70114,300.03412
121.66440292905487,-19.138504909824277,7,312.75546,312.75546,303.93176,302.9715,304.05035,306.92917,304.18524,0.59861106,307.8381,0.005701248,0.063059665,0.028823422,0.72422206,1444.7283,302.39166,312.75546,2.8167794,0.14275905,0.10645783,0.83311385,1.9028571,2.1937467e-05,4.612326,312.75546,304.7202,302.4752,303.02222,304.3714,303.75955,302.60446,301.9826,301.2355,300.5209
121.88054842593134,-19.124492541079906,7,313.02652,313.02652,304.13342,303.11203,304.25867,307.23776,304.4022,0.5605118,308.18115,0.00597301,0.0600818,0.028814288,0.74673086,1451.5658,302.506,313.02652,2.824067,0.1434105,0.10678637,0.8337702,1.8537881,2.2032498e-05,4.5973096,313.02652,305.10892,302.59677,303.151,304.5513,303.93085,302.73047,302.07452,301.3147,300.59067
121.8536288490723,-19.122750054320512,10,314.18637,314.18637,304.78568,304.80466,305.65607,308.0146,305.7622,0.2674052,308.75705,0.005335858,0.060536627,0.028815683,0.7523838,1435.2255,304.33618,314.18637,2.807134,0.14181748,0.10596585,0.83205235,2.228112,2.1785347e-05,4.6349926,314.18637,305.31454,302.99756,303.92978,304.74405,304.92798,304.5719,303.8831,302.79865,301.71414
122.1330535801553,-19.09259130268519,10,313.87033,313.87033,305.03418,305.13174,305.887,308.03555,306.00583,0.2425289,308.71,0.0050941166,0.060666822,0.028816083,0.7540019,1466.0521,304.70898,313.87033,2.8007202,0.14123079,0.105665624,0.8314342,2.28976,2.1697639e-05,4.6489263,313.87033,305.43808,303.4553,304.47668,305.14505,305.4343,304.9824,304.18338,303.087,301.98605
122.37474414991556,-19.125435573145577,7,313.02765,313.02765,304.90247,304.57758,306.22885,307.78345,306.1717,0.30588675,308.27728,0.034583516,0.06059907,0.028815875,0.7531599,1466.6316,303.9826,313.02765,3.6543424,0.21541291,0.13853276,0.88501173,2.1061053,3.2790074e-05,3.4816103,313.02765,305.2653,302.8663,303.39297,304.781,304.8778,304.27954,303.41183,302.35645,301.34955
122.403518211832,-19.07290488701879,10,313.87408,313.87408,305.1928,305.43863,306.33157,308.28998,306.4197,0.21851155,308.91965,0.0080543505,0.061198216,0.028817713,0.76060647,1461.1558,305.0113,313.87408,2.8797214,0.14849295,0.10934329,0.83889216,2.2676525,2.2800605e-05,4.4834943,313.87408,305.77826,303.85684,304.5941,305.34305,305.7807,305.30515,304.44638,303.2669,302.10718
122.62508381173595,-19.12503587047225,7,313.2995,313.2995,304.88477,304.61963,305.94522,307.78784,305.96573,0.2802226,308.37476,0.01827855,0.061705425,0.028819269,0.7669103,1456.396,304.0977,313.2995,3.161011,0.17484818,0.122027814,0.862776,2.1514294,2.7137175e-05,3.9893224,313.2995,305.2522,302.7485,303.4609,304.9225,305.03485,304.41605,303.4857,302.34988,301.29324
122.61137008474027,-19.114010139953873,10,314.43118,314.43118,305.4891,305.70575,306.44806,308.56055,306.5667,0.21633004,309.22394,0.005088979,0.060362473,0.02881515,0.75021935,1468.7501,305.2902,314.43118,2.8005955,0.14119266,0.10564089,0.8313592,2.323737,2.1687041e-05,4.650079,314.43118,305.92224,304.16348,304.9488,305.7168,306.13477,305.60544,304.68414,303.44778,302.25757
122.8750607818761,-19.124896110375047,7,313.67944,313.67944,304.9618,304.60913,305.81366,307.8583,305.87875,0.28792012,308.52014,0.012747974,0.060755122,0.028816354,0.7550993,1465.1597,304.09998,313.67944,3.0072417,0.1603804,0.11519307,0.8502706,2.167219,2.4694436e-05,4.242092,313.67944,305.24887,302.7345,303.58966,305.02652,305.096,304.4372,303.45178,302.26306,301.17053
122.80208414219965,-19.211793152939187,10,314.51105,314.51105,305.84363,305.8653,306.5927,308.63284,306.70474,0.23386955,309.27454,0.0052203387,0.060665164,0.028816078,0.75398135,1465.8988,305.46188,314.51105,2.8040729,0.1415087,0.10580236,0.83169013,2.3734562,2.1733877e-05,4.6425734,314.51105,305.95428,304.26498,305.3035,306.10645,306.4491,305.81958,304.77426,303.44006,302.20554
123.12500000000074,-19.124968486484665,7,313.55142,313.55142,305.01984,304.49036,305.48755,307.70642,305.59613,0.3468889,308.41858,0.007854904,0.06012192,0.02881441,0.74722964,1471.11,304.0092,313.55142,2.8743756,0.14804053,0.1091246,0.8384919,2.1640701,2.2738823e-05,4.49302,313.55142,305.16403,302.7909,303.82477,305.13794,305.09622,304.3651,303.32495,302.1301,301.0384
123.3749774177257,-19.124981795477495,7,313.03247,313.03247,305.21704,304.42615,305.33362,307.82864,305.46347,0.3666729,308.6146,0.0054066395,0.06145427,0.028818497,0.7637888,1458.4685,303.92923,313.03247,2.8089933,0.14199632,0.106058896,0.8322514,1.9429102,2.1813732e-05,4.630687,313.03247,305.81342,303.2647,304.18753,305.30173,305.10452,304.29297,303.22998,302.04016,300.94733
125.49583333333332,-28.30625,9,309.0522,309.0522,301.35873,297.80475,301.0302,303.68753,300.74872,0.21347483,304.55896,0.04164392,0.06081815,0.028816547,0.7558827,1366.3,296.66458,309.0522,3.8962653,0.2326701,0.14442718,0.8896124,1.5691676,3.4243578e-05,3.3283646,309.0522,301.71,300.60452,300.74542,302.5958,300.221,297.07056,295.88412,294.76733,293.67065
125.62517110489266,-28.375080191166322,7,308.2865,308.2865,300.9169,297.64398,300.63147,303.16315,300.42606,0.2829295,303.9774,0.040315248,0.05784908,0.02880744,0.71898144,1410.4147,296.5806,308.2865,3.8508465,0.23015606,0.1437611,0.88991904,1.5825653,3.4344772e-05,3.3450525,308.2865,301.24515,300.16937,300.34955,302.2198,299.95184,296.98328,295.80652,294.66092,293.4693
126.08597091345463,-28.395573958310806,6,308.51266,308.51266,300.6528,299.16168,300.8825,303.20892,300.85587,0.2773632,303.9312,0.019460434,0.05769127,0.028806956,0.7170201,1407.3624,298.48553,308.51266,3.194237,0.17904477,0.12415749,0.8673648,1.8413004,2.814881e-05,3.916239,308.51266,301.0263,299.23163,299.7456,300.60477,300.19766,298.97052,297.55322,296.07193,294.54282
126.12659062995314,-28.374110422117187,7,308.5697,308.5697,300.75137,297.58984,300.48642,303.2501,300.30826,0.42583582,304.09375,0.03455193,0.059770327,0.028813332,0.7428598,1400.7771,296.53305,308.5697,3.6545157,0.21749918,0.13977295,0.8884134,1.5920024,3.3853263e-05,3.4482963,308.5697,301.25574,299.98535,300.4463,301.84174,299.28476,296.90588,295.8163,294.70203,293.5535
126.41225444099531,-28.39601187432347,6,308.9873,308.9873,300.9417,299.15784,301.1442,303.67175,301.1381,0.27349514,304.4471,0.021699226,0.0582772,0.028808754,0.72430223,1449.568,298.3892,308.9873,3.2579045,0.18506764,0.12688053,0.8720088,1.7494634,2.9246317e-05,3.826361,308.9873,301.56836,299.6355,300.00156,300.65448,300.17447,298.8675,297.46973,296.02512,294.51743
126.5529365765458,-28.37414479801021,6,308.76343,308.76343,300.85263,299.04456,300.8562,303.39056,300.89093,0.27440494,304.18384,0.01826957,0.056877762,0.02880446,0.70690936,1463.2993,298.32635,308.76343,3.1606653,0.17573991,0.12261659,0.86457115,1.7818358,2.752479e-05,3.9688625,308.76343,301.28012,299.7123,300.01382,300.74326,300.23575,298.83432,297.34982,295.87988,294.35306
126.87467520038636,-28.37505867699972,7,309.35715,309.35715,301.2967,298.25577,301.27264,303.95444,301.14645,0.3739819,304.8054,0.037772782,0.05701089,0.028804868,0.708564,1467.1587,297.17438,309.35715,3.7632635,0.22401744,0.1417107,0.8884866,1.5964816,3.3876844e-05,3.397408,309.35715,301.91934,300.62506,300.77475,301.67786,299.2431,297.61795,296.3217,295.14795,293.9263
127.12500817016318,-28.374913659463232,7,310.73065,310.73065,301.66803,298.49814,301.7305,304.61807,301.59308,0.37790328,305.53854,0.037407387,0.057205994,0.028805468,0.7109888,1463.3228,297.34055,310.73065,3.7504795,0.22277474,0.14120507,0.88771933,1.6333386,3.363109e-05,3.410552,310.73065,302.24646,300.82825,300.93292,302.383,299.8767,297.77026,296.51447,295.367,294.16113
127.60091047660853,-28.363952136221037,6,312.73816,312.73816,301.03906,298.7023,301.11505,305.19962,301.30722,0.3072249,306.51443,0.012856776,0.05627823,0.028802622,0.699458,1507.8241,297.68195,312.73816,3.010258,0.16095126,0.115523994,0.8511386,1.7046399,2.4850751e-05,4.229166,312.73816,302.56824,299.5308,299.8708,300.44043,299.71518,298.16013,296.76273,295.5104,294.20132
127.80310836671158,-28.43226403531311,6,312.44684,312.44684,300.4339,298.2765,299.8859,304.67065,300.19287,0.29025644,306.16193,0.0047275885,0.057957206,0.028807772,0.7203253,1491.5192,297.34842,312.44684,2.7910364,0.14047237,0.10530138,0.8307956,1.7131001,2.1607699e-05,4.6659393,312.44684,302.17697,299.1221,299.4972,299.88937,299.17737,297.7784,296.52182,295.30258,294.02368
127.88264251729552,-28.376668985088326,9,313.27475,313.27475,300.61682,297.70688,300.1494,305.31345,300.4239,0.44992146,306.9722,0.00861924,0.05809459,0.028808193,0.72203285,1490.2344,296.55972,313.27475,2.8949442,0.15008119,0.110171616,0.8406949,1.6052885,2.308266e-05,4.4477572,313.27475,302.976,299.71698,299.97525,300.59576,298.68408,296.92963,295.84863,294.85904,293.8337
128.17242218164134,-28.45064943445418,6,313.83334,313.83334,300.44736,298.2702,300.0223,305.33588,300.3775,0.2874949,306.98965,0.0045645214,0.05719734,0.02880544,0.7108812,1498.8933,297.24655,313.83334,2.7867472,0.14003187,0.105065525,0.8302631,1.7024137,2.1533224e-05,4.6770186,313.83334,302.65033,299.2253,299.35953,299.72458,299.04932,297.67383,296.42517,295.21588,293.968
128.16319442628168,-28.345138852563316,9,315.8709,315.8709,301.728,298.46814,303.0689,307.2271,302.93158,0.4150998,308.5789,0.03639505,0.058213077,0.028808556,0.7235054,1489.0001,296.82803,315.8709,3.7149208,0.21895337,0.13957447,0.88496244,1.6205525,3.277514e-05,3.4535868,315.8709,303.95532,300.2988,299.97256,300.5968,298.82806,297.2258,296.0634,295.00983,293.921
128.3752524329233,-28.374785903542413,7,314.85947,314.85947,300.73444,297.65503,300.2554,306.07318,300.59283,0.4613986,307.9383,0.0077834064,0.057354964,0.028805925,0.71284014,1497.4131,296.39618,314.85947,2.8725002,0.14790714,0.10906541,0.8384084,1.5996451,2.2725979e-05,4.495605,314.85947,303.5499,300.02313,300.09732,300.59445,298.5737,296.74088,295.73352,294.76773,293.7477
128.3380956225817,-28.450281242656843,9,313.47723,313.47723,300.3325,297.33884,299.33817,305.25195,299.69556,0.4681853,307.09775,0.0047662,0.059188753,0.02881155,0.73563164,1479.8054,296.1901,313.47723,2.7920456,0.14051609,0.10531443,0.83077884,1.5848633,2.1605354e-05,4.665331,313.47723,303.05283,299.657,299.8656,300.40518,298.39514,296.5259,295.54453,294.60852,293.6429
128.60854874077273,-28.399270256042755,6,316.38565,316.38565,300.8921,298.622,300.6389,306.6747,301.02457,0.28671837,308.55856,0.004665624,0.05811059,0.028808242,0.7222316,1490.1055,297.45456,316.38565,2.7894201,0.14020073,0.105137706,0.830345,1.7048887,2.1544645e-05,4.6736255,316.38565,303.59576,299.67834,299.59244,299.96832,299.31027,297.89902,296.60016,295.37515,294.1056
128.62431340623857,-28.373594042276874,7,316.5167,316.5167,301.3473,298.28903,302.11313,307.41302,302.27402,0.43089306,309.10522,0.018345,0.05640965,0.028803024,0.70109135,1506.607,296.78583,316.5167,3.1630235,0.17489088,0.12201929,0.8626406,1.6016097,2.7108354e-05,3.9896178,316.5167,304.4059,300.4301,299.93744,300.48105,298.73343,297.17334,296.04092,294.97803,293.86752
128.65674578921602,-28.425650331881695,9,316.22906,316.22906,300.59128,297.64093,299.87598,306.57187,300.3299,0.45818853,308.66162,0.0046568085,0.056826726,0.028804304,0.706275,1502.5131,296.34628,316.22906,2.7892115,0.14017671,0.105124414,0.8303129,1.6144731,2.1540169e-05,4.674252,316.22906,303.8634,299.9772,299.91644,300.27023,298.3756,296.69226,295.68124,294.69412,293.66092
125.73958333333339,-28.53541666666667,6,308.0431,308.0431,300.40344,299.23813,300.89093,302.83707,300.83475,0.26638004,303.41486,0.025102256,0.05640246,0.028803002,0.701002,1409.8999,298.60657,308.0431,3.3558278,0.19493608,0.13135207,0.8798346,1.9625535,3.1287378e-05,3.6868446,308.0431,300.48026,299.14267,299.6101,300.7515,300.40576,299.1255,297.60898,296.11774,294.55905
126.13865623901494,-28.528702346613546,6,308.36404,308.36404,300.80356,299.4253,301.17825,303.25073,301.13992,0.2663087,303.8691,0.024871053,0.059235822,0.028811693,0.73621655,1434.205,298.7556,308.36404,3.349096,0.1941215,0.13096315,0.8790679,1.8790337,3.1075757e-05,3.6986003,308.36404,301.01904,299.598,299.87616,300.97122,300.6277,299.28073,297.74615,296.27322,294.7909
126.35665166774768,-28.572391104386014,6,308.41864,308.41864,300.61465,298.9683,300.69553,303.0639,300.71283,0.27598983,303.80093,0.01897178,0.057995863,0.02880789,0.7208056,1452.3634,298.28696,308.41864,3.1804142,0.17774108,0.12356204,0.86633456,1.8374548,2.7915654e-05,3.9364185,308.41864,300.87305,299.40018,299.81815,300.6668,300.18683,298.80554,297.29007,295.81085,294.29697
126.66181198575059,-28.584721814033447,6,308.43076,308.43076,300.83685,298.80185,300.59366,303.2225,300.63193,0.28778452,304.05127,0.016758561,0.057918496,0.028807653,0.7198442,1453.0,298.08105,308.43076,3.118257,0.17168729,0.12072772,0.86118114,1.7335559,2.6801208e-05,4.0352,308.43076,301.27444,299.76306,300.1639,300.75247,300.083,298.6089,297.06644,295.5637,294.01434
126.89709050960631,-28.600094881028625,6,308.89587,308.89587,300.96115,298.8427,300.7427,303.409,300.79047,0.31653112,304.24426,0.018163692,0.055864394,0.028801352,0.69431466,1473.4314,298.0888,308.89587,3.1577113,0.17544064,0.12247473,0.8643052,1.7556891,2.7466707e-05,3.9737751,308.89587,301.2949,299.9021,300.34073,301.02335,300.20218,298.62808,297.0522,295.5883,294.06647
126.87461914468025,-28.625378926572125,7,308.55054,308.55054,300.8706,297.1168,300.29727,303.27676,300.17426,0.43593696,304.19467,0.035379738,0.05704868,0.028804986,0.7090336,1461.6626,295.96167,308.55054,3.6824377,0.21922024,0.14030176,0.8885096,1.5290738,3.3884244e-05,3.434269,308.55054,301.4328,300.26843,300.89633,302.2832,299.08047,296.33096,295.25177,294.1707,293.04224
127.12499999999974,-28.624950400611397,7,309.52945,309.52945,301.23373,297.43985,300.78537,303.84955,300.66107,0.42688215,304.8086,0.036339805,0.0566663,0.028803812,0.7042811,1470.8518,296.23288,309.52945,3.7146459,0.22092515,0.14074337,0.888168,1.5504912,3.3774377e-05,3.4226367,309.52945,301.81534,300.5294,301.09402,302.6475,299.4299,296.60635,295.51492,294.43262,293.29416
127.37488305546026,-28.624866979354593,7,310.24567,310.24567,301.1891,297.8957,301.17807,304.2397,301.08957,0.3848775,305.19315,0.035428546,0.057679016,0.02880692,0.71686774,1490.5463,296.7077,310.24567,3.6837204,0.21875699,0.14000452,0.8876344,1.595434,3.36041e-05,3.442141,310.24567,301.98953,300.3512,300.25946,301.50082,299.356,297.15234,295.853,294.7281,293.58408
127.4802083955457,-28.699999792634575,9,309.4907,309.4907,301.13086,297.1911,300.62387,304.48312,300.60345,0.46528774,305.6268,0.027077245,0.058733486,0.028810153,0.7299734,1484.0499,295.8933,309.4907,3.4134505,0.19978814,0.13333178,0.88249946,1.3969687,3.2044358e-05,3.6280591,309.4907,303.17688,300.3889,300.63757,301.43903,298.83066,296.28265,295.14487,294.1344,293.14297
127.6894234110599,-28.600801193030307,6,311.89066,311.89066,300.40625,298.2301,299.91675,304.44125,300.20642,0.2903739,305.8658,0.005658656,0.057249647,0.028805602,0.71153134,1498.4753,297.31998,311.89066,2.8157294,0.1427868,0.106496155,0.83330286,1.705003,2.1964759e-05,4.61057,311.89066,302.0457,299.04715,299.4566,299.91553,299.20847,297.76764,296.45944,295.1926,293.86404
127.62459499585246,-28.624930918138514,7,310.52377,310.52377,301.10272,297.5453,301.08115,304.68604,301.01328,0.44506496,305.76917,0.031409405,0.05875713,0.028810225,0.7302672,1483.9209,296.238,310.52377,3.5495996,0.21003625,0.13715994,0.88635963,1.4988489,3.3203753e-05,3.5191896,310.52377,302.7545,300.0181,300.3994,301.2135,298.86694,296.6377,295.4697,294.41473,293.35468
127.62125472333133,-28.687493029786282,9,310.26273,310.26273,300.87973,297.17203,300.42322,304.27255,300.40378,0.46593028,305.4345,0.024660517,0.06063386,0.028815981,0.7535922,1466.2286,295.93323,310.26273,3.3430765,0.19302253,0.13038152,0.8777052,1.5081648,3.0706185e-05,3.7163136,310.26273,302.37314,299.8364,300.5598,301.4671,298.86902,296.32526,295.17963,294.1461,293.13724
127.86826913796368,-28.62133508696476,6,311.65082,311.65082,300.1515,297.87335,299.46625,304.24652,299.7805,0.36364254,305.7343,0.004652781,0.05748409,0.028806321,0.7144451,1496.0415,296.9489,311.65082,2.789062,0.14031193,0.10522288,0.830651,1.6734473,2.1587428e-05,4.669622,311.65082,301.98294,298.97424,299.34012,299.6874,298.81866,297.38873,296.1034,294.8843,293.62903
127.87381848540083,-28.62453230397304,7,311.43887,311.43887,300.17816,296.9058,298.7637,304.17358,299.10062,0.4828405,305.86295,0.0049027028,0.05844277,0.02880926,0.72636014,1486.9082,295.84897,311.43887,2.7956588,0.14091836,0.10553485,0.8312992,1.5568146,2.1678574e-05,4.655022,311.43887,302.32748,299.51263,300.1219,300.68494,298.34866,296.19464,295.18448,294.2029,293.22134
127.93637612181311,-28.647440389517485,9,311.70773,311.70773,300.30136,296.87057,298.7551,304.3567,299.08615,0.4826867,306.10254,0.0047290884,0.059669238,0.028813023,0.7416034,1475.2527,295.784,311.70773,2.791044,0.14047612,0.10530388,0.8308035,1.5432156,2.1608817e-05,4.665821,311.70773,302.54852,299.66956,300.26175,300.836,298.41037,296.14005,295.09955,294.11917,293.1514
125.09375732658037,-23.442525856450946,10,323.8021,323.8021,304.61008,303.89172,306.3148,311.5983,306.58728,0.27389055,313.30786,0.008102562,0.055307243,0.028799644,0.68738997,1480.9539,302.73767,323.8021,2.8811998,0.14829226,0.10917747,0.8382664,1.992814,2.2704153e-05,4.490715,323.8021,306.6539,302.01578,302.46222,303.88397,303.87192,303.06885,302.1011,300.70175,299.1387
125.31458333333332,-23.25208333333333,10,324.58936,324.58936,305.90912,305.20935,308.32834,312.6625,308.40823,0.26730043,314.07086,0.018066982,0.056034334,0.028801873,0.6964267,1473.6,303.98816,324.58936,3.1553917,0.17329824,0.12111527,0.8603207,2.0432217,2.6623127e-05,4.021423,324.58936,307.40158,303.68332,303.30518,305.20148,305.3752,304.3988,303.19882,301.63873,299.9279
127.87500000000075,-23.374960720930996,7,321.97696,321.97696,304.74252,303.15042,307.89825,310.68573,307.51425,0.1476988,311.8926,0.058477215,0.05797949,0.02880784,0.7206022,1452.736,301.5901,321.97696,4.486926,0.2628825,0.15145266,0.88285446,1.9788237,3.2147796e-05,3.1612587,321.97696,305.49854,302.85507,301.8143,302.40497,302.8953,301.9874,300.82632,299.56918,298.25232
128.63186621432436,-23.43331183317795,16,316.79767,316.79767,308.77783,307.2423,310.72998,311.46997,310.2141,0.08429099,312.15857,0.12243482,0.1735712,0.029162394,0.42979538,1395.8864,306.09882,316.79767,7.1321344,0.42202866,0.18870223,0.8863658,1.7655591,3.3205666e-05,2.4826477,316.79767,309.21716,306.83524,305.65552,306.58398,307.41714,306.5554,305.22107,303.32837,301.4304
128.9147356088795,-23.44708717511979,16,317.67764,317.67764,307.70056,306.96017,310.322,311.02472,309.7854,0.08315243,311.67734,0.12412351,0.19243015,0.02922024,0.4764937,1342.9641,305.85043,317.67764,7.213529,0.4288131,0.19045246,0.8879983,2.0297587,3.3720047e-05,2.4572713,317.67764,307.87283,305.86804,305.12677,306.25067,307.21082,306.3258,304.93665,302.9354,300.97766
129.02569394793494,-23.457629658564873,10,316.19385,316.19385,308.32178,306.78494,310.2458,310.96164,309.6882,0.083541654,311.63174,0.12479019,0.19288269,0.029221628,0.47761425,1337.2246,305.64148,316.19385,7.244937,0.43084404,0.19088954,0.8881334,1.7615862,3.3763292e-05,2.4510064,316.19385,308.73914,306.2974,305.1052,306.0631,306.93268,306.09967,304.76065,302.80463,300.89954
129.0193387827588,-23.451535082134853,16,316.13687,316.13687,308.41052,306.76776,310.28625,310.97534,309.70047,0.082868546,311.65027,0.12798925,0.20007361,0.029243685,0.49542034,1317.7238,305.60168,316.13687,7.394391,0.4400832,0.19278437,0.8884172,1.7417608,3.3854474e-05,2.4241734,316.13687,308.8055,306.3206,305.10718,306.06168,306.92426,306.07248,304.69666,302.68365,300.73642
142.829981775303,-31.29145200719408,6,313.70233,313.70233,301.77698,297.95825,302.8257,305.5862,302.55212,0.12731533,306.7209,0.0627519,0.1028869,0.028945584,0.6240337,1550.4507,296.32294,313.70233,4.6554923,0.27899638,0.15727252,0.8908758,1.6714252,3.4664172e-05,3.0341115,313.70233,302.29425,300.432,299.46948,299.05624,298.53442,296.8743,295.26306,293.73633,292.11234
142.839551801007,-31.42565392681843,10,314.2947,314.2947,305.03256,300.8926,306.1575,307.74802,305.52335,0.08659196,308.77692,0.10424574,0.1968267,0.029233726,0.4405385,1470.8593,299.1378,314.2947,6.3358636,0.3822433,0.18205148,0.89325947,1.5724367,3.5484736e-05,2.5835109,314.2947,305.27835,303.39105,302.16504,301.89493,301.4967,299.75696,297.94754,296.09702,294.32184
143.1715232086846,-31.423818570129587,10,313.09125,313.09125,305.44543,301.21762,306.3431,307.63678,305.71597,0.08525517,308.57306,0.11747891,0.28516588,0.029504688,0.3197314,1505.9999,299.47736,313.09125,6.9269037,0.42236453,0.19133002,0.89706373,1.4967388,3.6872992e-05,2.4447215,313.09125,305.70828,303.7926,302.45316,302.19388,301.7255,300.07217,298.33398,296.49194,294.6445
143.62472425508082,-31.372709040287898,7,312.3563,312.3563,305.58716,301.09558,306.49005,307.2934,305.6261,0.07745546,308.1833,0.1496144,0.28980243,0.02951891,0.36214942,1415.2252,299.19467,312.3563,8.483221,0.52295214,0.21148151,0.9009993,1.4642543,3.8421327e-05,2.1850717,312.3563,305.53735,303.99692,302.94788,302.80316,302.10184,299.85162,297.93182,296.08853,294.54785
144.4316946039351,-31.442350288454374,6,313.8749,313.8749,305.1374,300.77353,305.97162,307.88898,305.39362,0.15301639,308.96527,0.09045392,0.18295448,0.029191175,0.45303017,1462.6046,299.05585,313.8749,5.7453017,0.3448024,0.17333919,0.8913884,1.4954513,3.4837583e-05,2.727303,313.8749,305.85226,304.22433,302.65524,302.1542,301.63968,299.68973,297.83734,295.903,294.19424
144.69187378545135,-31.385389016149723,6,318.2725,318.2725,302.66754,298.76978,304.73282,308.59564,304.27744,0.26185095,310.1237,0.05353061,0.120889015,0.029000802,0.6480355,1445.0277,296.77094,318.2725,4.308003,0.2543403,0.14969397,0.88556343,1.6102715,3.2958218e-05,3.2016222,318.2725,304.95688,301.5572,299.64822,299.44772,298.763,297.2551,295.84024,294.1546,292.3801
144.6152319094209,-31.373276089144245,7,313.68558,313.68558,305.6624,300.59406,306.06033,308.30786,305.49,0.18987584,309.49384,0.08251956,0.14979629,0.02908947,0.5619524,1461.6982,298.79962,313.68558,5.4181285,0.3230845,0.1677956,0.88910025,1.3919636,3.407583e-05,2.8265438,313.68558,306.836,304.8941,302.7266,302.05023,301.41608,299.41476,297.6171,295.78207,294.09036
144.71666756883076,-31.426734492569434,9,318.3857,318.3857,302.37485,297.79932,304.12848,308.3867,303.6814,0.26552027,310.0406,0.051266797,0.07189565,0.028850526,0.7393218,1453.5239,295.67014,318.3857,4.228563,0.2491891,0.14816302,0.8849088,1.580714,3.2758882e-05,3.237536,318.3857,304.7493,301.70215,299.1877,298.77478,297.87717,296.11465,294.81564,293.44614,292.01846
144.8512078432266,-31.382450952373958,6,316.49927,316.49927,303.0362,299.04013,304.67654,308.11295,304.2263,0.2578665,309.5181,0.05719123,0.099681385,0.028935753,0.68229866,1450.2655,297.16022,316.49927,4.4429007,0.26284692,0.1521222,0.88629544,1.5649165,3.3183835e-05,3.146137,316.49927,305.0916,302.4582,300.17752,299.84735,299.21936,297.66833,296.18347,294.5178,292.83493
144.84977672760775,-31.398674911137974,9,317.67596,317.67596,302.50842,298.02478,304.34024,308.36023,303.8611,0.266773,309.97375,0.05444608,0.07629383,0.028864015,0.7364597,1451.5406,295.91412,317.67596,4.342882,0.25616273,0.15012306,0.8852362,1.5478244,3.2858297e-05,3.1916873,317.67596,305.0901,301.7014,299.31107,298.9698,298.09824,296.36737,295.04288,293.65497,292.2392
144.81458333333333,-31.30625,10,319.3312,319.3312,302.21625,298.44025,303.98175,309.5417,303.7228,0.2600165,311.28366,0.031537578,0.06590649,0.028832154,0.81912345,1419.7002,296.41946,319.3312,3.553067,0.20814107,0.13594896,0.882807,1.5414047,3.2133932e-05,3.5529666,319.3312,306.1811,302.00623,299.37396,298.92313,298.31918,296.8956,295.5042,293.94586,292.3028
144.41910810246947,-31.691915604247427,6,314.21387,314.21387,303.76526,297.8019,303.89505,307.15375,303.34598,0.26480344,308.58093,0.06565348,0.11190411,0.028973242,0.6609278,1451.1176,295.78046,314.21387,4.760499,0.28339425,0.15792084,0.8885041,1.4400567,3.388248e-05,3.0205252,314.21387,305.00934,303.36777,301.54892,301.16547,298.55124,296.14987,295.07034,293.80212,292.4969
144.42701564288993,-31.71847846500337,9,317.49802,317.49802,302.78473,296.22693,303.22333,307.6239,302.6316,0.28624696,309.39313,0.055294946,0.06854468,0.028840248,0.7922113,1428.6423,293.8872,317.49802,4.3749657,0.25853863,0.15089238,0.88589925,1.5226964,3.3061362e-05,3.1740162,317.49802,304.25418,302.114,300.01218,299.40588,296.61118,294.23672,293.21533,292.15353,291.07803
144.63571640572903,-31.652617234504557,6,314.0039,314.0039,303.78937,298.76074,305.00507,307.9676,304.32047,0.28173488,309.3908,0.07290131,0.10705896,0.028958382,0.5950336,1409.4832,296.7094,314.0039,5.037646,0.2992753,0.16175902,0.8877717,1.3637689,3.3647764e-05,2.9423218,314.0039,306.46585,303.63797,300.40283,299.69397,298.65726,297.17664,295.8112,294.3216,292.7202
144.6501714229703,-31.67492377976294,9,318.19766,318.19766,302.58374,297.2257,303.67502,307.8996,303.19983,0.26498553,309.55887,0.052909914,0.07111181,0.028848121,0.6888488,1451.7622,295.0599,318.19766,4.288258,0.2531718,0.14937603,0.88555956,1.5958215,3.2957036e-05,3.2090197,318.19766,304.0814,301.7815,299.36655,298.80496,297.3939,295.45737,294.2958,293.06476,291.7623
144.98541666666668,-31.614583333333332,16,315.79916,315.79916,308.86136,302.76312,309.26242,310.75775,308.52087,0.08565599,312.04822,0.1180577,0.19043998,0.029214136,0.4715657,1544.0,300.63348,315.79916,6.9313717,0.41082048,0.18656838,0.88694596,1.3286057,3.338678e-05,2.5142286,315.79916,309.66992,306.81094,304.10883,303.3789,302.9392,301.1879,299.56778,297.80374,295.7821
121.41540314588579,-24.583837464859204,16,319.38284,319.38284,311.0379,308.24188,312.37396,313.82968,311.95047,0.10918306,314.76462,0.08917045,0.15008047,0.029090341,0.508606,1489.6,306.92868,319.38284,5.6665792,0.3299606,0.16758811,0.88068473,1.5893648,3.1525196e-05,2.830386,319.38284,311.83643,309.59906,308.38135,309.08383,309.21805,307.56406,305.7073,303.26746,300.96268
121.57260441834497,-24.646899689543936,6,321.92038,321.92038,304.9005,302.93015,305.24313,310.6581,305.4748,0.28872567,312.3986,0.007147634,0.0885473,0.028901601,0.66951567,1445.1459,301.78342,321.92038,2.8549466,0.1459668,0.10802668,0.8360388,1.896998,2.2366803e-05,4.541425,321.92038,306.3612,303.1334,303.7395,304.10522,303.45767,302.24323,300.89954,299.14084,297.48587
121.68923011894653,-24.688364257279325,10,318.32394,318.32394,310.30005,307.52148,311.4447,313.05804,311.07587,0.11629024,313.9676,0.07990737,0.1502925,0.029090991,0.50932455,1488.5858,306.26605,318.32394,5.296148,0.30945772,0.16301125,0.88190234,1.5656472,3.1871772e-05,2.9176013,318.32394,311.20538,309.02408,307.80884,308.4519,308.55072,306.86887,305.10724,302.8815,300.65744
121.88124988344855,-24.54923230968313,6,317.54248,317.54248,307.35898,305.05518,308.0528,311.98105,307.83133,0.2228361,313.24557,0.020082643,0.1155258,0.028984351,0.5241788,1292.3246,303.90042,317.54248,3.2111192,0.17860541,0.12356746,0.8646877,1.4598004,2.7550293e-05,3.9362338,317.54248,310.5211,306.8405,305.3135,305.75742,305.71436,304.39032,302.95868,301.27844,299.51614
121.80500195105186,-24.649157438760593,10,318.0102,318.0102,310.26358,307.31476,311.31192,312.8836,310.93195,0.1132585,313.80072,0.08271969,0.13729188,0.029051116,0.52330095,1495.5367,306.037,318.0102,5.409505,0.31605512,0.16458285,0.88187313,1.542197,3.1863387e-05,2.887109,318.0102,311.13168,308.93283,307.66,308.216,308.31796,306.63693,304.88373,302.6652,300.44104
121.82809971761114,-24.64273288701781,16,318.51718,318.51718,310.32288,307.4573,311.45786,313.14285,311.12076,0.12108965,314.08353,0.07808843,0.113068074,0.028976813,0.5364371,1518.29,306.1799,318.51718,5.225139,0.30451205,0.16162235,0.8809812,1.5609647,3.160894e-05,2.945043,318.51718,311.27234,309.0788,307.71707,308.1632,308.37347,306.7634,305.05826,302.93787,300.76962
122.7268227051837,-24.558072744125944,6,317.20493,317.20493,308.62314,306.1643,309.7423,311.9809,309.12466,0.15682404,312.90762,0.054878727,0.16225846,0.029127695,0.40178284,1141.4504,304.97974,317.20493,4.35066,0.2550801,0.14941543,0.88310546,1.5420489,3.2221316e-05,3.2081025,317.20493,310.1829,307.1295,305.65335,306.64352,306.8994,305.48288,304.01254,302.08774,300.09906
122.8748123067723,-24.625165805906715,7,316.78424,316.78424,306.31412,303.0841,307.12454,311.5892,306.92358,0.4202912,312.9688,0.027240086,0.09517863,0.028921941,0.62177616,1387.1384,301.57904,316.78424,3.4179037,0.19800067,0.13214123,0.8788743,1.3349874,3.102274e-05,3.6631992,316.78424,310.54965,305.80246,303.8554,305.05215,303.2646,301.98013,300.80807,299.46738,298.10684
123.62500000000044,-24.624958345129706,7,318.6732,318.6732,306.22116,303.95535,307.6539,311.0629,307.51358,0.39460295,312.18198,0.035137847,0.12241039,0.02900547,0.55590177,1459.8651,302.63858,318.6732,3.6696205,0.21492608,0.13797516,0.88273674,1.6801783,3.211342e-05,3.4967833,318.6732,308.06616,305.08746,303.96478,305.5538,304.1599,303.03378,301.87885,300.45724,299.00137
123.87500000000016,-24.624958345129706,7,318.54883,318.54883,307.58536,306.26294,309.543,311.58524,309.32047,0.20768937,312.42798,0.055328514,0.17494853,0.029166618,0.45706487,1477.0381,305.1754,318.54883,4.3672724,0.25655693,0.1499486,0.8837988,1.8439567,3.2426015e-05,3.1957195,318.54883,308.54703,306.36682,305.46655,306.5416,307.09702,305.68097,304.2036,302.35815,300.4132
124.1250000000005,-24.624958345129706,7,322.83524,322.83524,306.62152,305.13306,309.57968,312.02444,309.23163,0.27232155,313.13666,0.0621878,0.11880864,0.02899442,0.57514507,1474.6859,303.68417,322.83524,4.6191154,0.2702307,0.15328139,0.88233674,2.0260348,3.1997155e-05,3.1202686,322.83524,306.9872,304.38467,303.94672,305.6756,305.4461,304.1422,302.80368,301.22086,299.55508
124.86962741645486,-24.618310864282858,10,318.21606,318.21606,308.36664,306.72934,310.1506,311.73605,309.76364,0.116197735,312.53638,0.07321973,0.17380871,0.029163122,0.43038344,1394.9841,305.62073,318.21606,5.0376577,0.29633582,0.16030484,0.88427263,1.8212805,3.2567343e-05,2.9715116,318.21606,308.93512,307.14056,306.41153,307.2825,307.67017,306.16074,304.5827,302.58823,300.44095
120.125140024525,-24.874930585892265,7,316.68216,316.68216,307.33698,305.07452,308.09134,311.05273,308.0559,0.26898202,311.9908,0.03244847,0.14175944,0.02906482,0.56426287,1505.7852,303.98163,316.68216,3.580432,0.20978324,0.13645774,0.8828728,1.5857456,3.2153162e-05,3.5387034,316.68216,309.01627,306.3029,305.529,306.5576,306.44705,304.62585,302.7433,300.63855,298.8372
122.15130774476646,-24.89374368960079,6,316.5561,316.5561,307.58386,304.95105,308.36768,311.49072,307.8887,0.19532831,312.5202,0.03551162,0.15882382,0.02911716,0.4718699,1197.5477,303.73737,316.5561,3.6807704,0.2156094,0.13818747,0.8827863,1.45952,3.212789e-05,3.4909925,316.5561,309.96124,306.67712,305.02914,305.66235,305.65485,304.24582,302.76,300.87698,298.99744
122.12491938107189,-24.874900295992855,7,317.6158,317.6158,306.76532,304.48767,308.09232,310.8407,307.7618,0.28292748,311.84106,0.044304933,0.13812177,0.02905366,0.5559548,1361.3192,303.25528,317.6158,3.9796093,0.23357646,0.14353621,0.88348556,1.6725943,3.233324e-05,3.3507218,317.6158,308.1795,305.6871,304.60983,305.70386,305.26004,303.7446,302.3146,300.6677,298.9766
122.62505448315966,-24.87502157621482,7,317.06204,317.06204,307.63696,304.69,308.63348,311.56757,308.10904,0.26864648,312.65958,0.045391858,0.12631996,0.029017461,0.5281618,1245.5165,303.35092,317.06204,4.016819,0.23522905,0.14385462,0.8826885,1.4729433,3.2099375e-05,3.3427005,317.06204,309.86813,306.65363,304.73276,305.7526,305.39722,303.82803,302.43375,300.76785,299.08643
123.62496065085209,-24.874915019790254,7,323.25174,323.25174,305.54608,303.26096,307.6578,312.30716,307.51123,0.40467563,313.73987,0.029266672,0.092291094,0.028913084,0.6226209,1436.7703,301.63672,323.25174,3.4785516,0.20309496,0.13419878,0.8816258,1.7859005,3.179243e-05,3.6028593,323.25174,307.70877,303.38068,303.3581,304.49835,303.2178,302.03558,300.87,299.52884,298.13184
123.86125001693297,-24.97124996613409,16,318.30435,318.30435,309.43774,306.62354,310.54248,313.3001,310.2125,0.15206471,314.37158,0.04810403,0.17324956,0.029161409,0.4289989,1396.8202,305.30957,318.30435,4.1078153,0.23992746,0.1449992,0.88176244,1.4339842,3.1831605e-05,3.3141546,318.30435,311.87793,308.4312,306.37866,306.97357,307.37357,305.86432,304.24313,302.308,300.2526
124.62503418693329,-24.874992039543848,7,325.30994,325.30994,308.3213,306.139,311.62912,313.9452,311.05844,0.12299919,315.25458,0.07744475,0.11440715,0.02898092,0.55039954,1442.7871,304.3956,325.30994,5.195652,0.3014534,0.16055173,0.87941945,1.925995,3.1172458e-05,2.9665186,325.30994,308.8789,306.2434,305.361,306.0728,306.4162,304.93167,303.36508,301.66104,299.77933
123.14741497163718,-16.95191565136852,7,311.87097,311.87097,303.92664,303.4077,305.2862,306.71805,305.1333,0.40327293,307.2179,0.0452505,0.12477226,0.029012714,0.65201116,1395.6448,302.75714,311.87097,4.017349,0.23877755,0.14584929,0.88794404,2.0431142,3.370272e-05,3.293241,311.87097,304.26758,302.15262,302.44437,303.83783,303.37543,302.93976,302.40607,301.59418,300.78207
123.089702543279,-16.87930500811124,10,311.37076,311.37076,303.97552,303.78397,304.47485,306.35852,304.53418,0.27269953,306.95178,0.005490656,0.107473955,0.028959654,0.7057113,1391.7358,303.40762,311.37076,2.810352,0.14221577,0.10618955,0.8326046,2.2468333,2.186425e-05,4.62466,311.37076,304.14987,302.36905,303.3254,303.98163,303.93823,303.58212,303.07217,302.18195,301.2512
122.23124999999997,-17.18541666666667,16,314.3766,314.3766,306.2692,307.63202,309.1077,309.0773,308.8069,0.05880664,309.2858,0.22716863,0.38995075,0.029826095,0.40851983,1333.6,307.06073,314.3766,12.84757,0.8036948,0.25674665,0.9063002,3.2879264,4.0712148e-05,1.7497121,314.3766,306.05798,305.0643,305.41486,306.69183,307.4202,307.257,306.6834,305.51135,304.154
123.23958333333336,-17.004166643500888,7,312.438,312.438,304.24323,303.67456,304.75226,307.02606,304.8205,0.42663306,307.75754,0.008641891,0.061149545,0.028817564,0.7600015,1422.1,303.1692,312.438,2.895512,0.15005897,0.110145986,0.8405792,2.020073,2.3064364e-05,4.4488525,312.438,304.7899,302.59412,303.54318,304.36658,303.79083,303.36728,302.78836,301.92758,301.06137
123.1403429035337,-17.12418002691422,10,311.79654,311.79654,304.22012,304.02698,304.75732,306.6652,304.82297,0.27282435,307.2685,0.005920167,0.068360016,0.02883968,0.7745504,1407.0796,303.6396,311.79654,2.8224945,0.14332312,0.10675293,0.83375275,2.2477715,2.2029959e-05,4.598831,311.79654,304.39743,302.47504,303.49976,304.26373,304.21976,303.81702,303.29852,302.41232,301.4828
123.3011690215551,-17.16457253690999,7,312.72223,312.72223,304.84033,304.41348,305.88718,307.7152,305.85345,0.41334054,308.28473,0.022442814,0.11408867,0.028979944,0.7022359,1413.3534,303.8498,312.72223,3.278209,0.18599287,0.12710345,0.8715812,2.000578,2.9141958e-05,3.8191724,312.72223,305.4711,303.17102,303.49377,305.04135,304.5239,304.05374,303.4577,302.61176,301.75946
123.29390128939166,-17.163841932946912,10,312.51086,312.51086,304.85522,304.4547,305.09778,307.2201,305.16626,0.2685873,307.87567,0.0039383704,0.14820139,0.029084578,0.63078845,1374.3643,304.05695,312.51086,2.768569,0.13830738,0.10416329,0.82832354,2.2138062,2.1265841e-05,4.7198644,312.51086,304.93668,303.2266,304.227,304.8961,304.76794,304.27625,303.63538,302.6386,301.63425
128.56600915366892,-25.87688538355515,10,315.2782,315.2782,306.07855,304.1687,307.1799,310.0234,307.17746,0.21194127,310.93622,0.03423295,0.15254436,0.0290979,0.4483767,1543.2109,303.08716,315.2782,3.6390412,0.21371944,0.13779026,0.883704,1.5531847,3.23979e-05,3.5018432,315.2782,308.18314,305.22446,303.27377,303.76172,304.4406,303.52533,302.24484,300.62415,298.78656
128.87495135067496,-25.87497095494099,7,315.9407,315.9407,303.43854,301.85397,305.5702,307.79233,305.2773,0.2345366,308.70053,0.05870343,0.11625382,0.028986584,0.57232016,1459.8058,300.6117,315.9407,4.499551,0.26727104,0.1535775,0.88772225,1.8950821,3.3632026e-05,3.1137228,315.9407,304.10986,301.87787,301.0454,302.61792,302.376,301.02664,299.81396,298.36935,296.8803
128.96249999999998,-25.847916666666663,10,318.42444,318.42444,303.09326,302.25766,304.62982,308.9013,304.86188,0.25717062,310.29074,0.011428792,0.10390249,0.0289487,0.5195124,1514.8,301.23038,318.42444,2.97033,0.1567298,0.11338186,0.84664774,1.8977231,2.4061028e-05,4.314177,318.42444,305.1335,301.85852,301.03592,302.2517,302.53723,301.61935,300.48267,298.9871,297.288
129.23125000000002,-25.922916666666666,10,315.2448,315.2448,303.81598,302.0825,305.62228,308.81897,305.4828,0.25257018,309.86444,0.036325652,0.113961615,0.028979555,0.56980807,1463.3,300.82327,315.2448,3.7102656,0.21830983,0.1392752,0.88436455,1.595097,3.259488e-05,3.4615967,315.2448,306.45297,302.96735,301.02185,302.0297,302.24158,301.2537,299.99588,298.42032,296.78003
129.37491649780512,-25.874857273686185,7,315.85568,315.85568,303.0052,301.11096,305.17682,307.52805,304.88913,0.28578237,308.5087,0.060758498,0.100554,0.02893843,0.5845058,1494.5881,299.75522,315.85568,4.576795,0.27204862,0.15488195,0.8879695,1.8393217,3.3710847e-05,3.0851865,315.85568,303.8503,301.3945,300.2877,301.84525,301.54886,300.17773,298.943,297.49216,296.09222
129.62508985124055,-25.87494256509079,7,315.19272,315.19272,302.65125,300.64713,304.68298,307.0861,304.43344,0.2838861,308.06534,0.05912125,0.09439179,0.028919527,0.5763027,1515.6715,299.29578,315.19272,4.5170875,0.26877594,0.15409625,0.888335,1.8127408,3.3828015e-05,3.1023164,315.19272,303.54617,301.13904,299.93085,301.49017,301.17563,299.71912,298.482,297.054,295.6853
129.87511882343426,-25.874964588879404,7,313.73175,313.73175,302.57227,300.5965,304.48706,306.62698,304.18414,0.28869104,307.53378,0.06434485,0.10870769,0.02896344,0.5487606,1487.0079,299.29694,313.73175,4.713568,0.28171128,0.15777582,0.8899094,1.7524685,3.4341578e-05,3.023555,313.73175,303.60394,301.08307,299.79465,301.32452,301.09845,299.7139,298.49542,297.0668,295.72507
129.78957050349018,-25.86872428161269,10,314.69897,314.69897,302.9218,301.44302,304.9374,307.62943,304.80103,0.2528453,308.57864,0.044344574,0.10497708,0.028951995,0.5248854,1508.6251,300.23624,314.69897,3.9851027,0.23571208,0.14465648,0.8862187,1.7336409,3.3160057e-05,3.3226545,314.69897,304.698,301.6084,300.20404,301.40063,301.69968,300.68127,299.38074,297.82297,296.21942
125.87491420179806,-26.125042351379513,7,326.5919,326.5919,306.52576,304.08466,309.78177,313.44437,309.39337,0.1471524,314.98056,0.052526735,0.059797015,0.028813414,0.7131743,1465.7822,302.21045,326.5919,4.2665496,0.24774635,0.14676505,0.8797032,1.9092582,3.1250922e-05,3.2709837,326.5919,307.6183,304.54486,303.5118,303.91486,304.2407,302.78387,301.1082,299.5361,297.76138
126.56665843942578,-26.119763484203908,6,323.7667,323.7667,307.04074,304.7859,310.33054,312.6719,309.80014,0.11436988,313.96527,0.078256376,0.15224618,0.029096983,0.51976246,1476.2461,303.01,323.7667,5.2307568,0.3056709,0.1621049,0.88194156,1.8946772,3.1883064e-05,2.9354553,323.7667,307.75064,305.12628,304.26944,304.81827,305.12607,303.5711,301.93143,300.22455,298.28806
127.21689796304324,-26.215276811960166,6,316.24973,316.24973,306.86288,303.66815,308.02594,310.387,307.62637,0.13547033,311.4511,0.06367817,0.119395494,0.028996222,0.5969774,1436.9783,302.24002,316.24973,4.6785846,0.27536976,0.15504342,0.88447326,1.5209606,3.2627522e-05,3.081685,316.24973,308.4085,305.50247,303.71893,303.9774,304.26013,302.7939,301.1753,299.45883,297.56235
127.12450149554932,-26.124535847043585,7,326.22275,326.22275,306.60455,303.6755,310.03076,313.1562,309.45786,0.13584226,314.72403,0.06826486,0.10789611,0.028960949,0.61846334,1458.8573,301.63663,326.22275,4.8435388,0.28164947,0.1557886,0.88020223,1.8786097,3.138981e-05,3.06563,326.22275,307.4332,304.30594,303.19556,303.75433,303.6936,302.13202,300.6843,299.15366,297.4301
127.87340033655478,-26.124986460297567,7,315.5563,315.5563,306.23962,303.14044,307.4822,309.60968,307.05557,0.19584548,310.62302,0.07035903,0.13426751,0.029041838,0.5394994,1439.6055,301.71967,315.5563,4.934233,0.291825,0.15957767,0.88618654,1.5540935,3.3150078e-05,2.986308,315.5563,307.49503,304.714,302.7879,303.9522,303.58456,302.16296,300.8675,299.4179,297.91846
127.92623278156852,-26.123961631176137,10,316.67697,316.67697,306.58234,304.09384,307.82358,310.73962,307.55762,0.20908219,311.7806,0.04312397,0.18603708,0.02920063,0.42112666,1412.0209,302.8112,316.67697,3.937406,0.2313976,0.14300084,0.88394135,1.545895,3.2468422e-05,3.3642902,316.67697,308.67603,305.49768,303.5284,304.2614,304.53534,303.283,301.9042,300.27798,298.52563
128.49791666666664,-26.006249999999994,6,318.84576,318.84576,304.09583,302.56866,306.4784,309.4137,306.2547,0.26051092,310.48175,0.045318987,0.113961615,0.028979555,0.56980807,1463.3,301.2315,318.84576,4.016863,0.23646455,0.14455199,0.8845362,1.9041939,3.2646443e-05,3.325253,318.84576,305.17853,302.56982,301.46188,302.9191,302.79855,301.6789,300.37146,298.763,297.12012
128.376879556542,-26.12863975270401,7,320.2781,320.2781,305.02246,303.41132,309.13852,309.8108,308.1152,0.07606211,310.79926,0.15657869,0.2899767,0.029519444,0.4152321,1321.4031,301.42816,320.2781,8.808462,0.53329206,0.2116254,0.8945199,2.011499,3.5933615e-05,2.1833942,320.2781,304.7891,302.65912,302.20944,303.71854,303.27203,301.86124,300.59567,299.0983,297.65106
128.3351638593392,-26.049048777454217,10,318.32602,318.32602,305.44418,303.50824,308.8412,309.66238,307.87186,0.16455182,310.5802,0.14555898,0.3735873,0.029775904,0.3035161,1278.5425,301.66397,318.32602,8.248506,0.5029451,0.20684582,0.89706135,1.8687326,3.6872083e-05,2.2403417,318.32602,305.6689,302.81622,302.022,303.517,303.32968,302.12918,300.76965,299.11942,297.55405
128.50374994676608,-26.01291651288325,6,317.31262,317.31262,304.26813,302.50555,306.32794,309.04037,306.05905,0.25010216,310.0558,0.048437938,0.11861796,0.028993836,0.5930898,1440.64,301.20828,317.31262,4.126483,0.24339628,0.14662635,0.8852329,1.8202128,3.2857304e-05,3.2743368,317.31262,305.45453,302.94052,301.5312,302.86703,302.75345,301.65353,300.35233,298.7376,297.0875
128.6236205092607,-26.124805282785378,7,316.45267,316.45267,305.30673,303.43402,307.8398,308.96652,307.22894,0.085924804,309.81348,0.11421861,0.2102178,0.0292748,0.4334704,1419.1995,301.96625,316.45267,6.772617,0.4072354,0.18704265,0.8920714,1.8460554,3.5071214e-05,2.5071478,316.45267,305.60388,303.45486,302.37457,303.61285,303.74203,302.41586,301.10196,299.50177,297.8759
128.65437398664355,-26.13088576942225,10,315.80692,315.80692,307.07788,304.19116,308.33487,310.31223,307.9045,0.14613815,311.2628,0.07233951,0.24064438,0.029368129,0.37290072,1424.4404,302.83362,315.80692,5.0049834,0.29688054,0.16105312,0.88722885,1.5390956,3.347575e-05,2.9564252,315.80692,308.38153,305.30008,303.2843,304.02533,304.47318,303.3232,301.89243,300.07306,298.2191
128.87384548518494,-26.124478368662565,7,314.8494,314.8494,306.53616,303.82422,308.0905,309.3108,307.5456,0.08879751,310.1578,0.106531866,0.20115632,0.029247006,0.40685862,1444.8513,302.41492,314.8494,6.4275403,0.38490394,0.18201101,0.8906089,1.6059223,3.45745e-05,2.5841477,314.8494,307.1831,304.52777,302.92535,303.7162,304.12497,302.89474,301.4925,299.71353,297.91635
128.8819792538353,-26.127839356597804,10,315.52255,315.52255,306.887,304.2526,308.0354,310.2932,307.7357,0.13963974,311.23587,0.05822855,0.19546235,0.02922954,0.4146306,1453.9298,302.99765,315.52255,4.4743047,0.26416737,0.15233076,0.88557523,1.5203408,3.2961834e-05,3.141455,315.52255,308.51785,305.39532,303.50818,303.9754,304.61993,303.49823,302.0354,300.13223,298.12277
129.12449746658942,-26.123301956495624,7,314.08566,314.08566,305.9309,303.24423,307.53958,308.56262,306.94708,0.08533466,309.36868,0.11926747,0.2122359,0.02928099,0.4016494,1438.4066,301.80215,314.08566,7.0062933,0.42294157,0.19058722,0.8934718,1.6234008,3.5559595e-05,2.4553368,314.08566,306.37784,303.8799,302.31354,303.2689,303.48462,302.2646,300.9132,299.26904,297.6213
129.134779391652,-26.15713233489616,10,314.7623,314.7623,305.7521,303.6583,307.34183,309.3734,307.03906,0.20449848,310.25287,0.06345365,0.21200942,0.029280296,0.38675547,1465.8137,302.4384,314.7623,4.669659,0.2771684,0.15610945,0.8874572,1.5770605,3.3547905e-05,3.058765,314.7623,307.39368,304.4859,302.70227,303.46463,303.97455,302.90933,301.53308,299.76355,297.91196
129.37430472282682,-26.123167796281336,7,314.9271,314.9271,303.8936,302.1576,306.00275,307.9285,305.68793,0.27119863,308.8094,0.06982579,0.12904721,0.029025827,0.51151025,1495.236,300.88644,314.9271,4.9191318,0.29309484,0.16043806,0.88881606,1.7721508,3.3983393e-05,2.968816,314.9271,304.93042,302.39932,301.0005,302.29507,302.43494,301.29868,300.09402,298.6226,297.12296
129.6437110547088,-26.17663231621474,10,316.23038,316.23038,302.33453,301.57343,303.9992,307.85474,304.1047,0.2565089,309.10272,0.014325861,0.11429273,0.02898057,0.5747583,1465.0132,300.57538,316.23038,3.0496798,0.164264,0.117038846,0.85364884,1.8358588,2.5313255e-05,4.1709213,316.23038,304.58337,301.0824,300.33395,301.54742,301.89236,300.98276,299.79227,298.24612,296.59995
129.87572621285497,-26.124060870266632,7,312.8447,312.8447,302.80933,300.35526,304.28683,306.7235,304.065,0.30987462,307.68814,0.05682874,0.09155947,0.02891084,0.58078665,1521.8494,299.03204,312.8447,4.433313,0.26395747,0.15286487,0.8885589,1.5957136,3.3900174e-05,3.129518,312.8447,304.41858,301.73157,299.72906,301.0268,300.834,299.4505,298.22763,296.7555,295.33234
129.79877118607473,-26.218855260083167,10,318.64127,318.64127,302.67224,301.77573,304.8695,308.9575,304.92532,0.2542692,310.25998,0.019923339,0.109371126,0.028965473,0.57188535,1474.908,300.5775,318.64127,3.2065845,0.17876223,0.123750746,0.8654804,1.865615,2.7725042e-05,3.9300027,318.64127,304.94577,301.15634,300.3323,301.52502,301.92087,300.99582,299.77338,298.2081,296.56085
126.80207895084938,-26.32187025230902,6,323.41632,323.41632,306.40326,304.1863,309.51498,312.21533,308.99435,0.12792215,313.51968,0.06699896,0.12683287,0.029019034,0.61124736,1428.156,302.46307,323.41632,4.7981715,0.28046122,0.1558569,0.88202894,1.8950878,3.1908214e-05,3.064166,323.41632,307.24463,304.61157,303.68622,304.13782,304.49207,303.04007,301.35394,299.6426,297.68738
127.13049232287322,-26.271780218971863,6,324.15158,324.15158,306.01193,303.7913,309.12265,312.31088,308.68704,0.1401361,313.69086,0.0570526,0.105994605,0.028955117,0.615139,1442.7,302.0438,324.15158,4.4298415,0.25855666,0.1500386,0.88151765,1.8981426,3.1761516e-05,3.1936376,324.15158,307.0581,304.22256,303.29303,303.7392,304.04468,302.59763,300.9792,299.20984,297.212
127.52708318359085,-26.297916516924218,6,322.74594,322.74594,305.80762,303.61362,308.93973,311.54565,308.4433,0.18091837,312.82803,0.069370784,0.116074055,0.028986033,0.5803703,1452.9999,301.89075,322.74594,4.890612,0.28644943,0.1575219,0.88275033,1.9067979,3.2117394e-05,3.0288718,322.74594,306.5395,303.91852,302.95782,303.81348,303.7115,302.3737,300.9624,299.39407,297.63773
128.89166666666665,-20.77291666666666,6,319.36087,319.36087,306.0348,305.6311,309.0226,310.55737,308.684,0.16677685,311.3399,0.07499316,0.12066213,0.029000107,0.6033107,1450.8,304.52966,319.36087,5.112647,0.30144513,0.16173458,0.88509315,2.17778,3.28148e-05,2.9428077,319.36087,306.25412,304.32208,304.14407,305.69,306.002,305.03497,303.55835,301.83734,300.27368
128.93619283451017,-20.929679430063747,10,317.29767,317.29767,309.34314,307.16656,310.97882,312.13892,310.39606,0.122588724,312.9487,0.09992022,0.18226586,0.029189063,0.56760556,1312.3262,305.93723,317.29767,6.124715,0.3605171,0.17533106,0.88450444,1.6202644,3.2636886e-05,2.6931732,317.29767,310.19125,307.83444,306.20905,306.7404,307.40897,306.4613,304.92978,303.13226,301.50577
128.95083469179033,-20.960578347821954,16,317.50354,317.50354,309.4215,307.17096,311.21936,312.31424,310.58365,0.13370164,313.1551,0.10729859,0.19842604,0.029238632,0.5172126,1311.3483,305.86194,317.50354,6.4423547,0.37943083,0.17948395,0.88470644,1.5962374,3.269773e-05,2.6244416,317.50354,310.39795,307.84412,306.1213,306.74286,307.36462,306.39325,304.84055,302.99255,301.32507
129.5909815362642,-20.87638764028909,10,324.06342,324.06342,307.52032,306.3229,311.14835,313.1294,310.55228,0.1280376,314.25708,0.07968287,0.12491709,0.029013157,0.62659127,1376.7322,304.78357,324.06342,5.2871017,0.3081097,0.16248918,0.8809658,2.0351322,3.1604588e-05,2.9278626,324.06342,308.0393,305.45505,304.75555,305.61517,306.2464,305.271,303.84656,302.26358,300.84534
126.12499999999858,-21.12496488778631,7,321.27893,321.27893,305.13684,303.57578,307.3345,311.165,307.2529,0.410098,312.36258,0.030805381,0.059686735,0.028813077,0.7418209,1474.0255,302.20102,321.27893,3.529311,0.20636302,0.13529074,0.88214666,1.8774589,3.1942178e-05,3.5715795,321.27893,306.70908,302.79974,302.8989,304.45383,303.51718,302.54623,301.5374,300.49252,299.4607
128.0121348482972,-21.131234013152564,10,317.50964,317.50964,306.58197,305.4185,308.87323,310.3225,308.46738,0.10874748,311.10086,0.07996935,0.11697457,0.028988795,0.6385733,1402.7714,304.29742,317.50964,5.3105764,0.3135583,0.16477782,0.885594,1.941992,3.2967582e-05,2.8833659,317.50964,307.03732,305.08777,304.49323,305.25494,305.76544,304.7489,303.4295,302.0353,300.6678
128.8946269595925,-21.218967076660192,10,317.88464,317.88464,308.2898,307.27176,310.6021,311.58203,310.1867,0.0892425,312.28363,0.102133915,0.14159846,0.029064324,0.5426686,1442.798,306.19577,317.88464,6.2252827,0.3666959,0.17674303,0.88475454,1.9200299,3.271225e-05,2.6694434,317.88464,308.73227,306.88654,306.03177,306.80713,307.6286,306.71332,305.20087,303.42404,301.81036
129.62499999999847,-21.12496488778631,7,322.3957,322.3957,305.1312,302.61996,307.9891,310.9194,307.39984,0.1752286,312.2564,0.06270422,0.06606732,0.028832648,0.7506233,1373.9553,300.86942,322.3957,4.642174,0.27177092,0.15373188,0.8825852,1.8904266,3.2069296e-05,3.1103191,322.3957,305.82748,303.2208,302.00183,303.00775,302.20477,301.26135,300.116,298.86835,297.77597
129.8749999999984,-21.12496488778631,7,322.8181,322.8181,305.22772,302.49188,308.0507,311.15335,307.5196,0.14723755,312.55283,0.061247617,0.061802812,0.028819567,0.76812065,1415.9436,300.6784,322.8181,4.5875263,0.26823592,0.15272194,0.88214374,1.8644876,3.1941338e-05,3.1327057,322.8181,306.04404,303.30618,302.14072,302.9562,302.0145,301.056,299.95258,298.81082,297.77103
