date,time_index,patchclass,patch_lat,patch_lon,patch_weights,obs_tb_h,obs_tb_v,sim_tb_h,sim_tb_v,sim_tb_h_patch,sim_tb_v_patch,beta_surf_r,beta_surf_r_D85,sigma_surf,sigma_surf_D85,eps_surf_r,eps_surf_r_M09,eps_surf_r_D85,eps_surf_i,eps_surf_i_M09,eps_surf_i_D85,hr,surface_sm,surface_t,surface_clay,surface_sand,lai,sai,htop,surface_porsl,surface_BD_all,forc_topo,ffrz,t_eff_array,r_s_h,r_s_v,r_r_h,r_r_v
2016-01-01-20,20,10,-20.626389,138.354173,1.000000,225.434875,260.213684,256.175598,276.017792,256.175598,276.017792,1.375501,1.022809,0.157969,1.407532,9.623841,9.955989,14.958690,0.964305,1.600709,3.162148,0.976618,0.253513,22.765594,48.302303,34.406849,0.374734,0.098358,0.500000,0.599348,1.577520,233.307419,0.000000,295.259766,0.357954,0.175029,0.134799,0.065913
2016-01-02-20,44,10,-20.626389,138.354173,1.000000,223.517456,257.614929,255.504608,275.029785,255.504608,275.029785,1.376725,1.022809,0.157493,1.407532,9.537172,9.800241,14.873408,0.979533,1.559814,3.165137,0.986066,0.251030,21.340027,48.302303,34.406849,0.374734,0.098358,0.500000,0.599348,1.577520,233.307419,0.000000,293.849945,0.356222,0.173608,0.132886,0.064763
2016-01-07-20,164,10,-20.626389,138.354173,1.000000,270.151306,288.076965,262.573792,281.871887,262.573792,281.871887,1.466734,1.022809,0.126740,1.407532,7.939519,9.133333,13.834814,0.770135,1.431616,2.950754,0.968449,0.237845,26.113434,48.302303,34.406849,0.374734,0.098358,0.500000,0.599348,1.577520,233.307419,0.000000,298.082153,0.319051,0.144292,0.121135,0.054784
2016-01-09-20,212,10,-20.626389,138.354173,1.000000,269.484894,288.823792,264.737701,284.159790,264.737701,284.159790,1.482271,1.022809,0.120116,1.407532,7.667615,9.021715,13.595937,0.717193,1.415877,2.897426,0.958526,0.235262,28.197266,48.302303,34.406849,0.374734,0.098358,0.500000,0.599348,1.577520,233.307419,0.000000,300.035889,0.311876,0.138898,0.119591,0.053262
2016-01-10-20,236,10,-20.626389,138.354173,1.000000,271.096558,290.081696,265.809204,285.184387,265.809204,285.184387,1.488826,1.022809,0.116788,1.407532,7.516242,8.899555,13.432643,0.694700,1.390106,2.868151,0.957385,0.232836,28.691406,48.302303,34.406849,0.374734,0.098358,0.500000,0.599348,1.577520,233.307419,0.000000,300.779633,0.307796,0.135869,0.118161,0.052160
2016-01-12-20,284,10,-20.626389,138.354173,1.000000,263.680725,287.692810,265.412354,285.184723,265.412354,285.184723,1.479185,1.022809,0.121633,1.407532,7.788591,9.198946,13.739486,0.718538,1.462407,2.912927,0.950368,0.238323,29.276825,48.302303,34.406849,0.374734,0.098358,0.500000,0.599348,1.577520,233.307419,0.000000,301.532715,0.315010,0.141245,0.121782,0.054605
2016-01-15-20,356,10,-20.626389,138.354173,1.000000,273.633179,291.623932,268.323242,287.763000,268.323242,287.763000,1.498874,1.022809,0.110078,1.407532,7.256428,8.695871,13.114933,0.644106,1.351226,2.806665,0.950227,0.228496,30.482025,48.302303,34.406849,0.374734,0.098358,0.500000,0.599348,1.577520,233.307419,0.000000,302.978302,0.300542,0.130555,0.116206,0.050480
2016-01-17-20,404,10,-20.626389,138.354173,1.000000,271.993958,291.974304,266.558868,286.106995,266.558868,286.106995,1.491688,1.022809,0.115229,1.407532,7.483585,8.929255,13.406899,0.678275,1.402730,2.856603,0.950503,0.233104,29.879730,48.302303,34.406849,0.374734,0.098358,0.500000,0.599348,1.577520,233.307419,0.000000,301.781586,0.306857,0.135177,0.118614,0.052252
2016-01-18-20,428,10,-20.626389,138.354173,1.000000,267.789124,288.630127,265.047272,284.419067,265.047272,284.419067,1.483133,1.022809,0.119681,1.407532,7.635539,8.976179,13.557825,0.716453,1.404227,2.893068,0.960479,0.234466,27.944641,48.302303,34.406849,0.374734,0.098358,0.500000,0.599348,1.577520,233.307419,0.000000,300.197723,0.311035,0.138271,0.119036,0.052918
2016-01-20-20,476,10,-20.626389,138.354173,1.000000,253.635925,280.512909,265.999664,285.543396,265.999664,285.543396,1.486440,1.022809,0.118094,1.407532,7.596361,9.001380,13.529010,0.699939,1.415375,2.881136,0.954102,0.234671,29.054108,48.302303,34.406849,0.374734,0.098358,0.500000,0.599348,1.577520,233.307419,0.000000,301.396637,0.309938,0.137457,0.119375,0.052942
2016-01-23-20,548,10,-20.626389,138.354173,1.000000,243.950714,271.718506,267.851593,287.542847,267.851593,287.542847,1.495499,1.022809,0.112838,1.407532,7.408432,8.901569,13.323609,0.658073,1.401818,2.836879,0.944818,0.232302,30.979919,48.302303,34.406849,0.374734,0.098358,0.500000,0.599348,1.577520,233.307419,0.000000,303.201630,0.304753,0.133630,0.118473,0.051949
2016-01-25-20,596,10,-20.626389,138.354173,1.000000,273.734741,291.159332,268.180511,287.366699,268.180511,287.366699,1.500611,1.022809,0.108179,1.407532,7.145569,8.527742,12.951985,0.635470,1.309630,2.783907,0.955615,0.225401,29.897644,48.302303,34.406849,0.374734,0.098358,0.500000,0.599348,1.577520,233.307419,0.000000,302.213318,0.297421,0.128295,0.114381,0.049339
2016-01-26-20,620,10,-20.626389,138.354173,1.000000,274.255829,292.567047,267.240631,286.484711,267.240631,286.484711,1.498928,1.022809,0.109967,1.407532,7.229354,8.635925,13.074135,0.646512,1.334725,2.803430,0.954131,0.227489,29.910828,48.302303,34.406849,0.374734,0.098358,0.500000,0.599348,1.577520,233.307419,0.000000,301.504974,0.299803,0.130018,0.115468,0.050076
2016-01-28-20,668,10,-20.626389,138.354173,1.000000,277.062408,294.796082,269.416229,288.870941,269.416229,288.870941,1.502476,1.022809,0.105460,1.407532,7.096895,8.538565,12.875401,0.608665,1.320611,2.760989,0.944812,0.225094,31.847412,48.302303,34.406849,0.374734,0.098358,0.500000,0.599348,1.577520,233.307419,0.000000,303.826538,0.295939,0.127229,0.115047,0.049460
2016-01-31-20,740,10,-20.626389,138.354173,1.000000,258.076660,284.730408,231.989380,254.482712,231.989380,254.482712,0.707864,1.022809,0.527315,1.407532,33.477814,16.586695,21.647419,2.401170,3.206092,4.088603,0.883913,0.356147,26.530731,48.302303,34.406849,0.374734,0.098358,0.500000,0.599348,1.577520,233.307419,0.000000,304.138306,0.585676,0.402307,0.241980,0.166218
2016-02-02-20,788,10,-20.626389,138.354173,1.000000,235.077850,268.626495,236.459427,259.186096,236.459427,259.186096,0.824686,1.022809,0.422371,1.407532,27.266262,15.244220,20.300898,1.990745,2.878723,3.903040,0.897033,0.337168,26.590271,48.302303,34.406849,0.370630,0.098703,0.500000,0.599348,1.577520,233.307419,0.000000,303.411987,0.551884,0.363711,0.225046,0.148313
2016-02-03-20,812,10,-20.626389,138.354173,1.000000,211.295807,250.672867,210.822311,230.599579,210.822311,230.599579,0.317942,1.022809,1.217007,1.407532,63.055740,23.305468,28.536915,5.391009,4.721185,5.138682,0.853042,0.440601,21.483124,48.302303,34.406849,0.370630,0.098703,0.500000,0.599348,1.577520,233.307419,0.000000,294.052429,0.678901,0.517093,0.289291,0.220342
2016-02-05-20,860,10,-20.626389,138.354173,1.000000,266.712646,284.848206,254.686096,274.119812,254.686096,274.119812,1.376621,1.022809,0.157517,1.407532,9.531952,9.784506,14.866215,0.981798,1.555682,3.166021,0.987137,0.250783,21.172791,48.302303,34.406849,0.370630,0.098703,0.500000,0.599348,1.577520,233.307419,0.000000,292.842651,0.356122,0.173526,0.132706,0.064663
2016-02-08-20,932,10,-20.626389,138.354173,1.000000,271.958130,291.821533,264.871338,284.669891,264.871338,284.669891,1.475916,1.022809,0.123087,1.407532,7.860100,9.255508,13.809742,0.727495,1.474827,2.924885,0.950408,0.239409,29.139465,48.302303,34.406849,0.370630,0.098703,0.500000,0.599348,1.577520,233.307419,0.000000,301.154083,0.316872,0.142646,0.122498,0.055145
2016-02-10-20,980,10,-20.626389,138.354173,1.000000,255.473907,281.248108,263.366211,283.089233,263.366211,283.089233,1.465283,1.022809,0.127428,1.407532,8.045415,9.335289,13.963916,0.759900,1.486566,2.957806,0.956214,0.241177,27.898834,48.302303,34.406849,0.370630,0.098703,0.500000,0.599348,1.577520,233.307419,0.000000,299.817535,0.321653,0.146270,0.123626,0.056218
2016-02-11-20,1004,10,-20.626389,138.354173,1.000000,267.865784,287.887512,264.133240,283.313507,264.133240,283.313507,1.480006,1.022809,0.121089,1.407532,7.664165,8.933441,13.572568,0.733102,1.389200,2.903718,0.967414,0.233945,26.766205,48.302303,34.406849,0.370630,0.098703,0.500000,0.599348,1.577520,233.307419,0.000000,298.997437,0.311852,0.138880,0.118524,0.052783
2016-02-13-20,1052,10,-20.626389,138.354173,1.000000,272.973877,292.466064,264.737366,284.162933,264.737366,284.162933,1.483844,1.022809,0.119369,1.407532,7.639802,9.011440,13.569669,0.711007,1.414880,2.891349,0.957112,0.235000,28.480103,48.302303,34.406849,0.370630,0.098703,0.500000,0.599348,1.577520,233.307419,0.000000,299.992981,0.311124,0.138338,0.119472,0.053122
2016-02-16-20,1124,10,-20.626389,138.354173,1.000000,274.865295,293.832642,265.815582,285.109375,265.815582,285.109375,1.491505,1.022809,0.115256,1.407532,7.443588,8.828762,13.347142,0.684996,1.374300,2.853811,0.957698,0.231464,28.800049,48.302303,34.406849,0.370630,0.098703,0.500000,0.599348,1.577520,233.307419,0.000000,300.515167,0.305812,0.134407,0.117363,0.051582
2016-02-18-20,1172,10,-20.626389,138.354173,1.000000,275.431641,294.104462,267.196320,286.107422,267.196320,286.107422,1.494980,1.022809,0.112859,1.407532,7.259987,8.530958,13.100998,0.682308,1.299145,2.825663,0.971183,0.226209,27.013397,48.302303,34.406849,0.370630,0.098703,0.500000,0.599348,1.577520,233.307419,0.000000,300.943420,0.300804,0.130744,0.113895,0.049504
2016-02-19-20,1196,10,-20.626389,138.354173,1.000000,268.633698,289.760864,266.301086,285.489685,266.301086,285.489685,1.494970,1.022809,0.113026,1.407532,7.335825,8.711802,13.212183,0.671352,1.347610,2.831891,0.958928,0.229219,28.850250,48.302303,34.406849,0.370630,0.098703,0.500000,0.599348,1.577520,233.307419,0.000000,300.640930,0.302836,0.132225,0.116078,0.050683
2016-02-21-20,1244,10,-20.626389,138.354173,1.000000,277.338440,295.548920,270.558594,289.687592,270.558594,289.687592,1.501134,1.022809,0.107361,1.407532,7.073110,8.390605,12.841264,0.635510,1.274395,2.771400,0.962518,0.222981,28.956787,48.302303,34.406849,0.370630,0.098703,0.500000,0.599348,1.577520,233.307419,0.000000,304.387451,0.295379,0.126826,0.112814,0.048439
2016-02-24-20,1316,10,-20.626389,138.354173,1.000000,215.319794,252.862915,268.127106,287.407135,268.127106,287.407135,1.500303,1.022809,0.108590,1.407532,7.178434,8.586746,13.001602,0.636078,1.324863,2.789795,0.952843,0.226448,30.264343,48.302303,34.406849,0.370630,0.098703,0.500000,0.599348,1.577520,233.307419,0.000000,302.370331,0.298343,0.128961,0.115054,0.049733
2016-02-26-20,1364,10,-20.626389,138.354173,1.000000,272.134277,292.257507,266.815247,285.842133,266.815247,285.842133,1.498284,1.022809,0.110431,1.407532,7.206944,8.552914,13.037752,0.656202,1.310649,2.804560,0.961643,0.226193,28.728302,48.302303,34.406849,0.370630,0.098703,0.500000,0.599348,1.577520,233.307419,0.000000,300.664978,0.299223,0.129597,0.114382,0.049540
2016-02-27-20,1388,10,-20.626389,138.354173,1.000000,275.901917,295.966431,268.650879,288.068665,268.650879,288.068665,1.501552,1.022809,0.107111,1.407532,7.151515,8.595649,12.962528,0.621440,1.331705,2.777622,0.946864,0.226338,31.335846,48.302303,34.406849,0.370630,0.098703,0.500000,0.599348,1.577520,233.307419,0.000000,303.081573,0.297529,0.128374,0.115428,0.049803
2016-02-29-20,1436,10,-20.626389,138.354173,1.000000,274.987732,292.103455,269.273895,287.974030,269.273895,287.974030,1.498882,1.022809,0.109608,1.407532,7.077682,8.273040,12.846611,0.667281,1.238721,2.789179,0.978715,0.221402,26.222015,48.302303,34.406849,0.370630,0.098703,0.500000,0.599348,1.577520,233.307419,0.000000,302.381348,0.295649,0.127018,0.111103,0.047733
2016-03-05-20,1556,10,-20.626389,138.354173,1.000000,239.218445,271.520569,266.149963,285.129486,266.149963,285.129486,1.496416,1.022809,0.111911,1.407532,7.256899,8.586227,13.103652,0.668765,1.316064,2.818604,0.964207,0.226978,28.175568,48.302303,34.406849,0.271770,0.106167,0.500000,0.599348,1.577520,233.307419,0.000000,299.986542,0.300660,0.130639,0.114637,0.049811
2016-03-06-20,1580,10,-20.626389,138.354173,1.000000,265.003845,288.083771,267.325836,286.372650,267.325836,286.372650,1.500049,1.022809,0.108751,1.407532,7.148229,8.503345,12.954891,0.642586,1.301415,2.788021,0.959389,0.225094,29.262421,48.302303,34.406849,0.271770,0.106167,0.500000,0.599348,1.577520,233.307419,0.000000,301.103546,0.297526,0.128371,0.113990,0.049182
2016-03-08-20,1628,10,-20.626389,138.354173,1.000000,239.192581,271.399567,252.881027,274.605652,252.881027,274.605652,1.269870,1.022809,0.193407,1.407532,12.090597,11.390502,16.245564,1.072876,1.962883,3.311812,0.934509,0.277363,27.361755,48.302303,34.406849,0.271770,0.106167,0.500000,0.599348,1.577520,233.307419,0.000000,299.380859,0.402886,0.213589,0.158245,0.083893
2016-03-11-20,1700,10,-20.626389,138.354173,1.000000,199.517075,242.604324,209.689728,230.314194,209.689728,230.314194,0.275316,1.022809,1.347359,1.407532,66.169548,25.233133,29.904516,5.866283,5.339241,5.182105,0.814047,0.463185,25.536438,48.302303,34.406849,0.271770,0.106167,0.500000,0.599348,1.577520,233.307419,0.000000,298.362030,0.685323,0.525441,0.303640,0.232802
2016-03-13-20,1748,10,-20.626389,138.354173,1.000000,172.969376,218.570511,211.358383,231.960770,211.358383,231.960770,0.312304,1.022809,1.233739,1.407532,62.933895,23.945057,28.764191,5.357981,5.000303,5.049604,0.826303,0.448507,25.174530,48.302303,34.406849,0.271770,0.106167,0.500000,0.599348,1.577520,233.307419,0.000000,297.988007,0.678637,0.516752,0.297015,0.226164
2016-03-14-20,1772,10,-20.626389,138.354173,1.000000,177.649185,224.408554,212.407486,233.111099,212.407486,233.111099,0.333401,1.022809,1.174271,1.407532,61.043201,23.343449,28.189110,5.087736,4.857180,4.970168,0.829868,0.441577,25.403717,48.302303,34.406849,0.271770,0.106167,0.500000,0.599348,1.577520,233.307419,0.000000,298.302917,0.674523,0.511435,0.294164,0.223040
2016-03-16-20,1820,10,-20.626389,138.354173,1.000000,221.051300,255.559998,230.604431,252.362320,230.604431,252.362320,0.765276,1.022809,0.471830,1.407532,30.242710,15.605237,20.858431,2.228249,2.922014,4.025326,0.908364,0.342467,24.003601,48.302303,34.406849,0.271770,0.106167,0.500000,0.599348,1.577520,233.307419,0.000000,297.483276,0.569185,0.383267,0.229486,0.154527
2016-03-19-20,1892,10,-20.626389,138.354173,1.000000,261.005005,282.534546,259.805054,279.454468,259.805054,279.454468,1.433783,1.022809,0.138807,1.407532,8.586091,9.558110,14.354461,0.840941,1.524323,3.039735,0.967186,0.245824,25.384857,48.302303,34.406849,0.271770,0.106167,0.500000,0.599348,1.577520,233.307419,0.000000,296.955200,0.334919,0.156528,0.127320,0.059504
2016-03-21-20,1940,10,-20.626389,138.354173,1.000000,268.023682,284.548523,258.373444,277.294556,258.373444,277.294556,1.436113,1.022809,0.137814,1.407532,8.402802,9.201803,14.147861,0.869296,1.430950,3.038121,0.989092,0.240026,22.096405,48.302303,34.406849,0.271770,0.106167,0.500000,0.599348,1.577520,233.307419,0.000000,293.897461,0.330744,0.153266,0.123008,0.057002
2016-03-22-20,1964,10,-20.626389,138.354173,1.000000,266.794891,283.665039,256.743622,275.357727,256.743622,275.357727,1.428174,1.022809,0.140435,1.407532,8.477446,9.109657,14.162468,0.906656,1.405098,3.062760,1.000472,0.238765,20.126862,48.302303,34.406849,0.271770,0.106167,0.500000,0.599348,1.577520,233.307419,0.000000,291.810455,0.332652,0.154752,0.122318,0.056903
2016-03-24-20,2012,10,-20.626389,138.354173,1.000000,266.665100,284.007477,261.188110,280.118500,261.188110,280.118500,1.459960,1.022809,0.129254,1.407532,7.986981,9.015310,13.837403,0.805373,1.395529,2.971241,0.982661,0.236196,23.734772,48.302303,34.406849,0.271770,0.106167,0.500000,0.599348,1.577520,233.307419,0.000000,296.103424,0.320385,0.145304,0.119925,0.054389
2016-03-27-20,2084,10,-20.626389,138.354173,1.000000,267.746460,287.774109,262.141846,281.181946,262.141846,281.181946,1.466833,1.022809,0.126624,1.407532,7.886400,9.008881,13.764574,0.780181,1.398351,2.949548,0.976713,0.235813,24.864319,48.302303,34.406849,0.271770,0.106167,0.500000,0.599348,1.577520,233.307419,0.000000,297.095154,0.317754,0.143310,0.119649,0.053963
2016-03-29-20,2132,10,-20.626389,138.354173,1.000000,270.158325,289.263763,264.428253,283.818237,264.428253,283.818237,1.478800,1.022809,0.121698,1.407532,7.726865,9.040879,13.649743,0.730485,1.417373,2.910205,0.961605,0.235769,27.587799,48.302303,34.406849,0.271770,0.106167,0.500000,0.599348,1.577520,233.307419,0.000000,299.757080,0.313469,0.140088,0.119832,0.053553
2016-03-30-20,2156,10,-20.626389,138.354173,1.000000,269.423096,288.014465,260.399323,279.365479,260.399323,279.365479,1.457837,1.022809,0.130080,1.407532,8.042356,9.076410,13.890981,0.807341,1.410103,2.977502,0.980459,0.237272,24.008423,48.302303,34.406849,0.271770,0.106167,0.500000,0.599348,1.577520,233.307419,0.000000,295.455078,0.321769,0.146358,0.120708,0.054904
2016-04-01-20,2204,10,-20.626389,138.354173,1.000000,269.289764,286.361206,259.146545,277.741730,259.146545,277.741730,1.453155,1.022809,0.131702,1.407532,8.049056,8.932035,13.857256,0.838986,1.370965,2.993331,0.993910,0.235090,21.792236,48.302303,34.406849,0.231752,0.099170,0.500000,0.599348,1.577520,233.307419,0.000000,293.536194,0.322069,0.146585,0.119207,0.054255
2016-04-04-20,2276,10,-20.626389,138.354173,1.000000,271.407898,288.605438,262.206940,281.293030,262.206940,281.293030,1.469363,1.022809,0.125631,1.407532,7.854779,9.020008,13.744064,0.769539,1.403186,2.941451,0.973452,0.235885,25.446350,48.302303,34.406849,0.231752,0.099170,0.500000,0.599348,1.577520,233.307419,0.000000,297.192291,0.316908,0.142672,0.119721,0.053898
2016-04-06-20,2324,10,-20.626389,138.354173,1.000000,272.582581,291.378601,264.711639,284.124420,264.711639,284.124420,1.481200,1.022809,0.120611,1.407532,7.685029,9.025372,13.611486,0.721525,1.415675,2.901386,0.959667,0.235383,27.979462,48.302303,34.406849,0.231752,0.099170,0.500000,0.599348,1.577520,233.307419,0.000000,300.016113,0.312347,0.139250,0.119635,0.053335
2016-04-07-20,2348,10,-20.626389,138.354173,1.000000,272.456818,291.459473,263.307831,282.639435,263.307831,282.639435,1.473133,1.022809,0.124145,1.407532,7.829318,9.088999,13.742231,0.749551,1.425058,2.930077,0.964840,0.236838,26.881287,48.302303,34.406849,0.231752,0.099170,0.500000,0.599348,1.577520,233.307419,0.000000,298.697601,0.316177,0.142121,0.120478,0.054155
2016-04-09-20,2396,10,-20.626389,138.354173,1.000000,271.916534,290.577026,262.072845,281.159271,262.072845,281.159271,1.469630,1.022809,0.125527,1.407532,7.852837,9.024559,13.743746,0.768133,1.404608,2.940623,0.972874,0.235947,25.543213,48.302303,34.406849,0.231752,0.099170,0.500000,0.599348,1.577520,233.307419,0.000000,297.057220,0.316853,0.142630,0.119769,0.053913
2016-04-12-20,2468,10,-20.626389,138.354173,1.000000,270.189545,288.439819,260.582062,279.353180,260.582062,279.353180,1.461645,1.022809,0.128577,1.407532,7.933531,8.943736,13.781906,0.805921,1.378151,2.966259,0.985906,0.234962,23.287323,48.302303,34.406849,0.231752,0.099170,0.500000,0.599348,1.577520,233.307419,0.000000,295.112000,0.319050,0.144290,0.119038,0.053835
2016-04-14-20,2516,10,-20.626389,138.354173,1.000000,272.345276,289.377930,262.928833,282.048737,262.928833,282.048737,1.472524,1.022809,0.124334,1.407532,7.797981,8.992719,13.694323,0.759422,1.398425,2.930774,0.971997,0.235295,25.779541,48.302303,34.406849,0.231752,0.099170,0.500000,0.599348,1.577520,233.307419,0.000000,297.879730,0.315418,0.141550,0.119331,0.053552
2016-04-15-20,2540,10,-20.626389,138.354173,1.000000,271.440063,291.629669,263.764618,282.909912,263.764618,282.909912,1.477883,1.022809,0.122034,1.407532,7.699175,8.942431,13.603774,0.741482,1.389600,2.911567,0.969375,0.234207,26.382324,48.302303,34.406849,0.231752,0.099170,0.500000,0.599348,1.577520,233.307419,0.000000,298.609344,0.312797,0.139586,0.118650,0.052948
2016-04-17-20,2588,10,-20.626389,138.354173,1.000000,264.474640,284.927673,260.827148,279.401123,260.827148,279.401123,1.467172,1.022809,0.126360,1.407532,7.795398,8.799129,13.645888,0.798268,1.344755,2.948578,0.990340,0.232364,22.779449,48.302303,34.406849,0.231752,0.099170,0.500000,0.599348,1.577520,233.307419,0.000000,294.795471,0.315519,0.141624,0.117200,0.052606
2016-04-20-20,2660,10,-20.626389,138.354173,1.000000,270.547241,288.474365,262.870148,281.557770,262.870148,281.557770,1.478086,1.022809,0.121801,1.407532,7.607191,8.725978,13.478892,0.758235,1.333077,2.908364,0.983687,0.230637,24.210724,48.302303,34.406849,0.231752,0.099170,0.500000,0.599348,1.577520,233.307419,0.000000,296.755646,0.310471,0.137850,0.116094,0.051546
2016-04-22-20,2708,10,-20.626389,138.354173,1.000000,271.073486,289.287811,262.952820,281.584869,262.952820,281.584869,1.477189,1.022809,0.122171,1.407532,7.608217,8.696050,13.473418,0.764957,1.324883,2.911730,0.986719,0.230191,23.707031,48.302303,34.406849,0.231752,0.099170,0.500000,0.599348,1.577520,233.307419,0.000000,296.737213,0.310528,0.137892,0.115764,0.051406
2016-04-23-20,2732,10,-20.626389,138.354173,1.000000,270.010681,288.462708,262.313080,280.961548,262.313080,280.961548,1.475548,1.022809,0.122906,1.407532,7.650423,8.740517,13.518325,0.768300,1.335022,2.918211,0.985605,0.231009,23.814301,48.302303,34.406849,0.231752,0.099170,0.500000,0.599348,1.577520,233.307419,0.000000,296.188232,0.311646,0.138724,0.116310,0.051774
2016-04-25-20,2780,10,-20.626389,138.354173,1.000000,269.879272,289.517242,261.952484,280.366852,261.952484,280.366852,1.476003,1.022809,0.122631,1.407532,7.594565,8.619663,13.445629,0.777487,1.305180,2.916372,0.993119,0.228990,22.666290,48.302303,34.406849,0.231752,0.099170,0.500000,0.599348,1.577520,233.307419,0.000000,295.323059,0.310226,0.137667,0.114914,0.050995
2016-04-28-20,2852,10,-20.626389,138.354173,1.000000,269.505341,289.720642,262.156586,280.566345,262.156586,280.566345,1.478882,1.022809,0.121359,1.407532,7.541420,8.593289,13.394526,0.766473,1.300358,2.904650,0.991583,0.228400,23.021942,48.302303,34.406849,0.231752,0.099170,0.500000,0.599348,1.577520,233.307419,0.000000,295.439026,0.308776,0.136592,0.114552,0.050674
2016-05-03-20,2972,10,-20.626389,138.354173,1.000000,264.289215,286.365631,258.043762,276.520538,258.043762,276.520538,1.444209,1.022809,0.134873,1.407532,8.176105,8.933706,13.938100,0.871641,1.367919,3.021039,1.000698,0.235422,20.482330,48.302303,34.406849,0.229948,0.098372,0.500000,0.599348,1.577520,233.307419,0.000000,292.400543,0.325323,0.149075,0.119596,0.054804
2016-05-06-20,3044,10,-20.626389,138.354173,1.000000,271.672882,290.684692,263.843414,282.268097,263.843414,282.268097,1.488767,1.022809,0.116489,1.407532,7.337414,8.464256,13.177307,0.726157,1.275311,2.858513,0.986907,0.225629,24.216583,48.302303,34.406849,0.229948,0.098372,0.500000,0.599348,1.577520,233.307419,0.000000,296.832520,0.303120,0.132431,0.112981,0.049361
2016-05-08-20,3092,10,-20.626389,138.354173,1.000000,208.774109,244.254822,240.012741,262.209961,240.012741,262.209961,0.996618,1.022809,0.310495,1.407532,19.939939,13.444025,18.548801,1.572477,2.426351,3.674679,0.923405,0.310495,25.288055,48.302303,34.406849,0.229948,0.098372,0.500000,0.599348,1.577520,233.307419,0.000000,297.626617,0.497215,0.304770,0.197476,0.121044
2016-05-09-20,3116,10,-20.626389,138.354173,1.000000,206.440567,246.217239,233.442871,253.811584,233.442871,253.811584,0.922743,1.022809,0.352841,1.407532,22.507284,13.195029,18.897093,1.901333,2.288276,3.883852,0.972832,0.307514,16.986969,48.302303,34.406849,0.229948,0.098372,0.500000,0.599348,1.577520,233.307419,0.000000,288.946228,0.518988,0.327719,0.196183,0.123881
2016-05-11-20,3164,10,-20.626389,138.354173,1.000000,246.584549,273.118347,255.458099,273.047791,255.458099,273.047791,1.445883,1.022809,0.134026,1.407532,7.967155,8.493858,13.681242,0.922423,1.269202,3.032416,1.027329,0.228152,16.197418,48.302303,34.406849,0.229948,0.098372,0.500000,0.599348,1.577520,233.307419,0.000000,287.886932,0.320422,0.145327,0.114699,0.052022
2016-05-14-20,3236,10,-20.626389,138.354173,1.000000,264.475372,282.004913,256.458588,273.711487,256.458588,273.711487,1.463418,1.022809,0.127433,1.407532,7.597706,8.193424,13.345460,0.886801,1.206675,2.978052,1.032483,0.222491,15.835693,48.302303,34.406849,0.229948,0.098372,0.500000,0.599348,1.577520,233.307419,0.000000,287.753235,0.310838,0.138118,0.110696,0.049187
2016-05-16-20,3284,10,-20.626389,138.354173,1.000000,266.498352,285.071045,258.692505,276.068420,258.692505,276.068420,1.477683,1.022809,0.121568,1.407532,7.368991,8.126457,13.146096,0.822635,1.192660,2.915476,1.023194,0.220674,17.904419,48.302303,34.406849,0.229948,0.098372,0.500000,0.599348,1.577520,233.307419,0.000000,289.870422,0.304443,0.133395,0.109431,0.047948
2016-05-17-20,3308,10,-20.626389,138.354173,1.000000,265.944641,283.801239,260.070129,277.417267,260.070129,277.417267,1.485211,1.022809,0.117979,1.407532,7.210075,8.011259,12.974256,0.792108,1.168718,2.878235,1.021576,0.218270,18.508423,48.302303,34.406849,0.229948,0.098372,0.500000,0.599348,1.577520,233.307419,0.000000,290.965088,0.299952,0.130120,0.107991,0.046847
2016-05-19-20,3356,10,-20.626389,138.354173,1.000000,265.287415,283.975891,260.763000,278.009613,260.763000,278.009613,1.491075,1.022809,0.114731,1.407532,7.063115,7.878412,12.796795,0.766589,1.140966,2.843367,1.021503,0.215566,18.843689,48.302303,34.406849,0.229948,0.098372,0.500000,0.599348,1.577520,233.307419,0.000000,291.256744,0.295723,0.127067,0.106476,0.045751
2016-05-22-20,3428,10,-20.626389,138.354173,1.000000,264.088989,287.379608,264.692139,282.698883,264.692139,282.698883,1.498514,1.022809,0.109718,1.407532,7.004648,8.074836,12.737577,0.684652,1.189393,2.786723,0.992972,0.218094,23.992371,48.302303,34.406849,0.229948,0.098372,0.500000,0.599348,1.577520,233.307419,0.000000,296.418274,0.293656,0.125589,0.108792,0.046528
2016-05-24-20,3476,10,-20.626389,138.354173,1.000000,260.024719,282.457092,260.093903,278.102905,260.093903,278.102905,1.472728,1.022809,0.123913,1.407532,7.583333,8.475031,13.404801,0.807553,1.269195,2.930850,1.006070,0.226756,20.497620,48.302303,34.406849,0.229948,0.098372,0.500000,0.599348,1.577520,233.307419,0.000000,292.714081,0.310070,0.137551,0.113378,0.050296
2016-05-25-20,3500,10,-20.626389,138.354173,1.000000,262.080200,285.127258,263.569916,280.855743,263.569916,280.855743,1.500881,1.022809,0.106525,1.407532,6.767677,7.640647,12.376118,0.685429,1.092187,2.746444,1.012306,0.210163,21.276001,48.302303,34.406849,0.229948,0.098372,0.500000,0.599348,1.577520,233.307419,0.000000,293.681824,0.286789,0.120719,0.104213,0.043867
2016-05-27-20,3548,10,-20.626389,138.354173,1.000000,265.291748,285.115784,262.787323,279.841461,262.787323,279.841461,1.500829,1.022809,0.106417,1.407532,6.724944,7.533484,12.310465,0.694831,1.068999,2.744801,1.019229,0.208304,20.151642,48.302303,34.406849,0.229948,0.098372,0.500000,0.599348,1.577520,233.307419,0.000000,292.438690,0.285574,0.119865,0.103056,0.043256
2016-05-30-20,3620,10,-20.626389,138.354173,1.000000,267.668396,286.857880,263.522369,280.344147,263.522369,280.344147,1.501891,1.022809,0.102683,1.407532,6.556585,7.278069,12.017457,0.669282,1.015547,2.695212,1.023695,0.203156,19.883972,48.302303,34.406849,0.229948,0.098372,0.500000,0.599348,1.577520,233.307419,0.000000,292.516235,0.280384,0.116250,0.100732,0.041765
2016-06-01-20,3668,10,-20.626389,138.354173,1.000000,221.351761,258.585571,260.471985,277.108398,260.471985,277.108398,1.499001,1.022809,0.108466,1.407532,6.724365,7.413711,12.314926,0.736806,1.044542,2.772420,1.033720,0.206613,17.467468,48.302303,34.406849,0.217714,0.098460,0.500000,0.599348,1.577520,233.307419,0.000000,289.397797,0.285784,0.120010,0.101648,0.042685
2016-06-02-20,3692,10,-20.626389,138.354173,1.000000,247.037598,274.305054,262.923889,279.641144,262.923889,279.641144,1.501844,1.022809,0.102937,1.407532,6.548711,7.245730,12.008394,0.676235,1.008937,2.698526,1.026775,0.202646,19.333038,48.302303,34.406849,0.217714,0.098460,0.500000,0.599348,1.577520,233.307419,0.000000,291.727386,0.280182,0.116110,0.100350,0.041586
2016-06-04-20,3740,10,-20.626389,138.354173,1.000000,257.306946,277.353210,257.064789,272.880463,257.064789,272.880463,1.498145,1.022809,0.108832,1.407532,6.581359,7.030099,12.087648,0.793070,0.973912,2.787671,1.059122,0.200023,12.908936,48.302303,34.406849,0.217714,0.098460,0.500000,0.599348,1.577520,233.307419,0.000000,284.383972,0.281852,0.117261,0.097735,0.040661
2016-06-07-20,3812,10,-20.626389,138.354173,1.000000,265.352722,283.829895,263.390900,279.673950,263.390900,279.673950,1.498538,1.022809,0.097070,1.407532,6.296299,6.799430,11.495155,0.634269,0.917360,2.610799,1.035189,0.193467,18.726135,48.302303,34.406849,0.217714,0.098460,0.500000,0.599348,1.577520,233.307419,0.000000,291.070587,0.272119,0.110590,0.096645,0.039277
2016-06-09-20,3860,10,-20.626389,138.354173,1.000000,266.102722,284.835083,263.037476,279.167358,263.037476,279.167358,1.497113,1.022809,0.095991,1.407532,6.241937,6.685421,11.377104,0.628803,0.894580,2.592827,1.038645,0.191162,18.292084,48.302303,34.406849,0.217714,0.098460,0.500000,0.599348,1.577520,233.307419,0.000000,290.379669,0.270360,0.109401,0.095690,0.038721
2016-06-10-20,3884,10,-20.626389,138.354173,1.000000,263.958252,284.708862,262.628387,278.617096,262.628387,278.617096,1.496916,1.022809,0.095882,1.407532,6.212408,6.611672,11.325983,0.634596,0.880673,2.590265,1.043157,0.189812,17.518677,48.302303,34.406849,0.217714,0.098460,0.500000,0.599348,1.577520,233.307419,0.000000,289.687683,0.269448,0.108786,0.094938,0.038330
2016-06-12-20,3932,10,-20.626389,138.354173,1.000000,259.516113,279.854065,258.728424,273.996552,258.728424,273.996552,1.499189,1.022809,0.098038,1.407532,6.138011,6.371658,11.257640,0.699177,0.842995,2.626713,1.066504,0.186034,12.926727,48.302303,34.406849,0.217714,0.098460,0.500000,0.599348,1.577520,233.307419,0.000000,284.480988,0.267446,0.107437,0.092058,0.036981
2016-06-15-20,4004,10,-20.626389,138.354173,1.000000,262.851013,284.724457,265.640869,281.708679,265.640869,281.708679,1.477433,1.022809,0.087907,1.407532,6.033641,6.225523,10.702422,0.541885,0.798551,2.452341,1.035168,0.180482,20.268188,48.302303,34.406849,0.217714,0.098460,0.500000,0.599348,1.577520,233.307419,0.000000,292.555450,0.263121,0.104566,0.093452,0.037138
2016-06-17-20,4052,10,-20.626389,138.354173,1.000000,263.919769,284.221313,265.285889,281.558105,265.285889,281.558105,1.484536,1.022809,0.090112,1.407532,6.122950,6.455785,10.958707,0.557726,0.844882,2.495883,1.029335,0.185382,20.867401,48.302303,34.406849,0.217714,0.098460,0.500000,0.599348,1.577520,233.307419,0.000000,292.671783,0.266138,0.106571,0.095076,0.038072
2016-06-18-20,4076,10,-20.626389,138.354173,1.000000,178.033401,220.588669,211.344330,230.142319,211.344330,230.142319,0.348971,1.022809,1.131371,1.407532,61.030758,21.798876,27.606035,5.187481,4.245222,5.204712,0.895025,0.422352,16.567413,48.302303,34.406849,0.217714,0.098460,0.500000,0.599348,1.577520,233.307419,0.000000,289.334351,0.674524,0.511436,0.275609,0.208971
2016-06-20-20,4124,10,-20.626389,138.354173,1.000000,212.560547,247.858398,231.197128,250.197952,231.197128,250.197952,0.939773,1.022809,0.341763,1.407532,21.445150,12.252279,18.362816,2.050550,2.064529,4.005152,1.020057,0.293786,9.834778,48.302303,34.406849,0.217714,0.098460,0.500000,0.599348,1.577520,233.307419,0.000000,282.012756,0.510691,0.318890,0.184142,0.114983
2016-06-25-20,4244,10,-20.626389,138.354173,1.000000,255.104279,276.159119,254.907883,272.647217,254.907883,272.647217,1.432296,1.022809,0.138779,1.407532,8.217271,8.637551,13.872860,0.955957,1.299224,3.071792,1.027530,0.230954,15.824921,48.302303,34.406849,0.217714,0.098460,0.500000,0.599348,1.577520,233.307419,0.000000,287.970551,0.326699,0.150131,0.116922,0.053730
2016-06-26-20,4268,10,-20.626389,138.354173,1.000000,261.337219,280.336792,255.053192,272.705994,255.053192,272.705994,1.439440,1.022809,0.136305,1.407532,8.086408,8.564213,13.774799,0.938547,1.283899,3.051541,1.027401,0.229526,16.020081,48.302303,34.406849,0.217714,0.098460,0.500000,0.599348,1.577520,233.307419,0.000000,287.770142,0.323441,0.147629,0.115771,0.052842
2016-06-28-20,4316,10,-20.626389,138.354173,1.000000,261.192383,276.322937,249.042816,265.856659,249.042816,265.856659,1.407957,1.022809,0.146617,1.407532,8.394397,8.300801,13.825832,1.111608,1.240716,3.183614,1.060918,0.226135,9.430817,48.302303,34.406849,0.217714,0.098460,0.500000,0.599348,1.577520,233.307419,0.000000,280.649261,0.331669,0.153977,0.114803,0.053297
2016-07-01-20,4388,10,-20.626389,138.354173,1.000000,263.208252,280.310791,254.513809,271.443695,254.513809,271.443695,1.455302,1.022809,0.130403,1.407532,7.660154,8.083355,13.354440,0.942018,1.186453,3.018391,1.045487,0.220988,13.343414,48.302303,34.406849,0.199927,0.098719,0.500000,0.599348,1.577520,233.307419,0.000000,285.316193,0.312748,0.139540,0.109937,0.049051
2016-07-03-20,4436,10,-20.626389,138.354173,1.000000,262.773560,279.320404,253.184296,269.895538,253.184296,269.895538,1.451531,1.022809,0.131720,1.407532,7.672949,8.000257,13.333131,0.973509,1.172360,3.039958,1.053048,0.219747,11.890991,48.302303,34.406849,0.199927,0.098719,0.500000,0.599348,1.577520,233.307419,0.000000,283.615845,0.313249,0.139913,0.109284,0.048812
2016-07-04-20,4460,10,-20.626389,138.354173,1.000000,262.151672,280.610107,255.088806,271.789124,255.088806,271.789124,1.466335,1.022809,0.126099,1.407532,7.422498,7.880003,13.123873,0.917871,1.145374,2.980450,1.049003,0.217101,13.064301,48.302303,34.406849,0.199927,0.098719,0.500000,0.599348,1.577520,233.307419,0.000000,285.144714,0.306387,0.134820,0.107323,0.047226
2016-07-06-20,4508,10,-20.626389,138.354173,1.000000,259.118652,276.946136,252.217087,268.494904,252.217087,268.494904,1.457973,1.022809,0.129197,1.407532,7.464930,7.731103,13.099532,0.986629,1.123148,3.030352,1.064014,0.214965,10.066986,48.302303,34.406849,0.199927,0.098719,0.500000,0.599348,1.577520,233.307419,0.000000,281.588318,0.307907,0.135939,0.106249,0.046908
2016-07-09-20,4580,10,-20.626389,138.354173,1.000000,261.390564,278.773682,257.062958,273.508728,257.062958,273.508728,1.486494,1.022809,0.116978,1.407532,6.999796,7.552602,12.673584,0.840836,1.076981,2.882023,1.048270,0.210362,14.016235,48.302303,34.406849,0.199927,0.098719,0.500000,0.599348,1.577520,233.307419,0.000000,286.068542,0.294345,0.126074,0.103181,0.044194
2016-07-11-20,4628,10,-20.626389,138.354173,1.000000,260.912354,282.901337,260.210510,276.816040,260.210510,276.816040,1.498022,1.022809,0.109416,1.407532,6.749500,7.421856,12.353065,0.749466,1.046587,2.785052,1.036055,0.206920,16.956238,48.302303,34.406849,0.199927,0.098719,0.500000,0.599348,1.577520,233.307419,0.000000,289.122223,0.286597,0.120580,0.101699,0.042788
2016-07-12-20,4652,10,-20.626389,138.354173,1.000000,260.810303,279.755676,260.202057,276.650696,260.202057,276.650696,1.498810,1.022809,0.108525,1.407532,6.684687,7.307637,12.253168,0.750753,1.023874,2.775161,1.040780,0.204791,16.238800,48.302303,34.406849,0.199927,0.098719,0.500000,0.599348,1.577520,233.307419,0.000000,288.749847,0.284687,0.119241,0.100545,0.042113
2016-07-14-20,4700,10,-20.626389,138.354173,1.000000,186.482513,229.419296,209.238052,226.585724,209.238052,226.585724,0.338869,1.022809,1.157264,1.407532,62.899925,21.179285,27.633343,5.649330,4.022045,5.587453,0.942163,0.414369,9.525208,48.302303,34.406849,0.199927,0.098719,0.500000,0.599348,1.577520,233.307419,0.000000,282.180511,0.678648,0.516765,0.264526,0.201427
2016-07-17-20,4772,10,-20.626389,138.354173,1.000000,240.185959,266.197479,246.654724,265.041962,246.654724,265.041962,1.294104,1.022809,0.184220,1.407532,10.814973,9.618248,15.241348,1.266696,1.505761,3.385326,1.035016,0.249658,12.102570,48.302303,34.406849,0.199927,0.098719,0.500000,0.599348,1.577520,233.307419,0.000000,284.481903,0.381814,0.195099,0.135628,0.069303
2016-07-19-20,4820,10,-20.626389,138.354173,1.000000,246.224365,269.842896,250.254807,268.370453,250.254807,268.370453,1.360552,1.022809,0.162323,1.407532,9.509739,9.182255,14.645994,1.124198,1.413528,3.247820,1.032502,0.241528,13.574768,48.302303,34.406849,0.199927,0.098719,0.500000,0.599348,1.577520,233.307419,0.000000,285.827576,0.356200,0.173585,0.126848,0.061816
2016-07-20-20,4844,10,-20.626389,138.354173,1.000000,255.241241,275.778992,251.818985,269.646973,251.818985,269.646973,1.395476,1.022809,0.150978,1.407532,8.847943,8.882199,14.266946,1.054156,1.350713,3.171704,1.033539,0.235929,14.029419,48.302303,34.406849,0.199927,0.098719,0.500000,0.599348,1.577520,233.307419,0.000000,285.932404,0.341736,0.161907,0.121571,0.057598
2016-07-22-20,4892,10,-20.626389,138.354173,1.000000,264.993225,282.102295,254.106720,271.819916,254.106720,271.819916,1.425581,1.022809,0.141044,1.407532,8.323612,8.666879,13.939924,0.977451,1.305380,3.092295,1.029882,0.231634,15.274536,48.302303,34.406849,0.199927,0.098719,0.500000,0.599348,1.577520,233.307419,0.000000,287.276733,0.329341,0.152173,0.117591,0.054333
2016-07-25-20,4964,10,-20.626389,138.354173,1.000000,263.887238,280.570129,253.456375,270.787842,253.456375,270.787842,1.432258,1.022809,0.138674,1.407532,8.128185,8.435227,13.754433,0.987567,1.258292,3.084787,1.039819,0.227632,13.732361,48.302303,34.406849,0.199927,0.098719,0.500000,0.599348,1.577520,233.307419,0.000000,285.648041,0.324697,0.148591,0.114787,0.052530
2016-07-27-20,5012,10,-20.626389,138.354173,1.000000,262.170288,278.665253,251.763168,268.671661,251.763168,268.671661,1.431590,1.022809,0.138775,1.407532,8.040624,8.224672,13.627466,1.025871,1.219124,3.103185,1.052594,0.224178,11.464081,48.302303,34.406849,0.199927,0.098719,0.500000,0.599348,1.577520,233.307419,0.000000,283.058929,0.322757,0.147103,0.112652,0.051344
2016-07-28-20,5036,10,-20.626389,138.354173,1.000000,261.007019,277.978333,252.114914,268.942810,252.114914,268.942810,1.437931,1.022809,0.136575,1.407532,7.919733,8.146255,13.531860,1.011675,1.203090,3.084938,1.053348,0.222671,11.481110,48.302303,34.406849,0.199927,0.098719,0.500000,0.599348,1.577520,233.307419,0.000000,283.098541,0.319698,0.144773,0.111500,0.050492
2016-07-30-20,5084,10,-20.626389,138.354173,1.000000,261.361267,277.369507,253.433228,270.099640,253.433228,270.099640,1.455019,1.022809,0.130426,1.407532,7.605457,7.952915,13.273503,0.964318,1.162632,3.028030,1.053371,0.218817,11.931854,48.302303,34.406849,0.199927,0.098719,0.500000,0.599348,1.577520,233.307419,0.000000,283.691925,0.311455,0.138574,0.108623,0.048329
2016-08-02-20,5156,10,-20.626389,138.354173,1.000000,260.546997,277.762390,254.084778,270.549988,254.084778,270.549988,1.466675,1.022809,0.125889,1.407532,7.366122,7.763286,13.044601,0.934284,1.124223,2.985626,1.055582,0.215114,11.894409,48.302303,34.406849,0.204555,0.098261,0.500000,0.599348,1.577520,233.307419,0.000000,283.643860,0.304974,0.133780,0.106128,0.046554
2016-08-04-20,5204,10,-20.626389,138.354173,1.000000,258.635376,276.571167,252.570038,268.722687,252.570038,268.722687,1.464893,1.022809,0.126490,1.407532,7.321983,7.615354,12.960046,0.968620,1.100041,3.004475,1.065474,0.212695,10.010162,48.302303,34.406849,0.204555,0.098261,0.500000,0.599348,1.577520,233.307419,0.000000,281.517792,0.303992,0.133058,0.104745,0.045847
2016-08-05-20,5228,10,-20.626389,138.354173,1.000000,260.948639,277.903870,254.702942,270.838867,254.702942,270.838867,1.479410,1.022809,0.120338,1.407532,7.066122,7.473818,12.715309,0.902464,1.067114,2.931713,1.060914,0.209495,11.397522,48.302303,34.406849,0.204555,0.098261,0.500000,0.599348,1.577520,233.307419,0.000000,283.263428,0.296577,0.127674,0.102657,0.044193
2016-08-07-20,5276,10,-20.626389,138.354173,1.000000,263.002747,279.603882,257.324799,273.509766,257.324799,273.509766,1.493293,1.022809,0.112880,1.407532,6.795333,7.322031,12.405238,0.814034,1.030732,2.835815,1.052089,0.205780,13.747498,48.302303,34.406849,0.204555,0.098261,0.500000,0.599348,1.577520,233.307419,0.000000,285.584900,0.288315,0.121787,0.100682,0.042529
2016-08-10-20,5348,10,-20.626389,138.354173,1.000000,264.737915,284.132080,262.309357,278.778198,262.309357,278.778198,1.501709,1.022809,0.102153,1.407532,6.479887,7.099956,11.890073,0.680278,0.979412,2.687381,1.033792,0.199936,18.243958,48.302303,34.406849,0.204555,0.098261,0.500000,0.599348,1.577520,233.307419,0.000000,290.581940,0.278099,0.114673,0.098908,0.040784
2016-08-12-20,5396,10,-20.626389,138.354173,1.000000,265.080444,282.804077,260.443024,276.414276,260.443024,276.414276,1.501442,1.022809,0.101809,1.407532,6.380079,6.856028,11.725614,0.702962,0.932971,2.683579,1.048597,0.195569,15.696716,48.302303,34.406849,0.204555,0.098261,0.500000,0.599348,1.577520,233.307419,0.000000,287.729340,0.275143,0.112644,0.096418,0.039474
2016-08-15-20,5468,10,-20.626389,138.354173,1.000000,264.429932,282.439819,261.555206,277.393127,261.555206,277.393127,1.498941,1.022809,0.097576,1.407532,6.229536,6.613430,11.399892,0.662155,0.883330,2.617526,1.049454,0.190271,16.141754,48.302303,34.406849,0.204555,0.098261,0.500000,0.599348,1.577520,233.307419,0.000000,288.389191,0.270156,0.109261,0.094589,0.038255
2016-08-18-20,5540,10,-20.626389,138.354173,1.000000,269.760132,288.505127,265.448914,281.615570,265.448914,281.615570,1.484383,1.022809,0.090065,1.407532,6.096267,6.387509,10.913352,0.562621,0.831738,2.492762,1.033889,0.184127,20.096771,48.302303,34.406849,0.204555,0.098261,0.500000,0.599348,1.577520,233.307419,0.000000,292.621124,0.265291,0.106006,0.094343,0.037698
2016-08-20-20,5588,10,-20.626389,138.354173,1.000000,266.579102,283.798401,263.510345,279.215698,263.510345,279.215698,1.482841,1.022809,0.089564,1.407532,6.009010,6.166481,10.746794,0.573939,0.790411,2.477724,1.046823,0.179925,17.920715,48.302303,34.406849,0.204555,0.098261,0.500000,0.599348,1.577520,233.307419,0.000000,289.791473,0.262476,0.104138,0.092143,0.036558
2016-08-21-20,5612,10,-20.626389,138.354173,1.000000,265.603638,283.618347,264.992035,280.917816,264.992035,280.917816,1.477022,1.022809,0.087793,1.407532,6.008769,6.162007,10.655707,0.545202,0.786630,2.447981,1.039056,0.179275,19.614380,48.302303,34.406849,0.204555,0.098261,0.500000,0.599348,1.577520,233.307419,0.000000,291.636292,0.262313,0.104032,0.092803,0.036805
2016-08-23-20,5660,10,-20.626389,138.354173,1.000000,187.271591,231.811462,256.386505,274.360077,256.386505,274.360077,1.438795,1.022809,0.136612,1.407532,8.157688,8.709276,13.861734,0.920519,1.315038,3.046474,1.018820,0.231928,17.426666,48.302303,34.406849,0.204555,0.098261,0.500000,0.599348,1.577520,233.307419,0.000000,289.789886,0.325094,0.148898,0.117366,0.053755
2016-08-26-20,5732,10,-20.626389,138.354173,1.000000,247.638123,271.378113,258.805389,273.376099,258.805389,273.376099,1.480645,1.022809,0.088896,1.407532,5.779379,5.729469,10.323720,0.620064,0.720511,2.454344,1.080570,0.169217,11.669312,48.302303,34.406849,0.204555,0.098261,0.500000,0.599348,1.577520,233.307419,0.000000,282.888123,0.255009,0.099249,0.086551,0.033685
2016-08-28-20,5780,10,-20.626389,138.354173,1.000000,265.461243,280.634583,261.638336,276.459503,261.638336,276.459503,1.463605,1.022809,0.084431,1.407532,5.738692,5.651304,10.009131,0.548996,0.696634,2.362350,1.070826,0.164945,14.436829,48.302303,34.406849,0.204555,0.098261,0.500000,0.599348,1.577520,233.307419,0.000000,286.064728,0.253170,0.098065,0.086768,0.033609
2016-08-29-20,5804,10,-20.626389,138.354173,1.000000,270.102600,287.338501,267.334808,282.857574,267.334808,282.857574,1.427215,1.022809,0.077637,1.407532,5.743531,5.565081,9.529716,0.443466,0.669043,2.228249,1.047993,0.159065,20.139526,48.302303,34.406849,0.204555,0.098261,0.500000,0.599348,1.577520,233.307419,0.000000,292.906372,0.252781,0.097820,0.088635,0.034300
2016-08-31-20,5852,10,-20.626389,138.354173,1.000000,268.322449,286.987854,267.628693,283.401917,267.628693,283.401917,1.426928,1.022809,0.077599,1.407532,5.796506,5.651169,9.612787,0.435565,0.683765,2.236808,1.038836,0.161443,21.769745,48.302303,34.406849,0.204555,0.098261,0.500000,0.599348,1.577520,233.307419,0.000000,293.687958,0.254582,0.098983,0.090088,0.035027
2016-09-03-20,5924,10,-20.626389,138.354173,1.000000,240.021698,267.516602,262.857452,277.579742,262.857452,277.579742,1.436574,1.022809,0.079174,1.407532,5.629997,5.411978,9.461215,0.484851,0.647312,2.242340,1.071023,0.155507,15.504120,48.302303,34.406849,0.209981,0.098278,0.500000,0.599348,1.577520,233.307419,0.000000,286.958679,0.249003,0.095399,0.085323,0.032689
2016-09-06-20,5996,10,-20.626389,138.354173,1.000000,268.380219,284.637299,266.298645,281.360260,266.298645,281.360260,1.402410,1.022809,0.073874,1.407532,5.607188,5.262802,8.990886,0.410166,0.612621,2.126021,1.059494,0.148355,18.927307,48.302303,34.406849,0.209981,0.098278,0.500000,0.599348,1.577520,233.307419,0.000000,290.913208,0.247820,0.094650,0.085902,0.032809
2016-09-08-20,6044,10,-20.626389,138.354173,1.000000,268.931427,286.560913,267.770874,283.023041,267.770874,283.023041,1.385480,1.022809,0.071536,1.407532,5.607591,5.201096,8.784231,0.378774,0.598714,2.076183,1.052888,0.145253,20.727631,48.302303,34.406849,0.209981,0.098278,0.500000,0.599348,1.577520,233.307419,0.000000,292.694885,0.247696,0.094573,0.086428,0.032999
2016-09-11-20,6116,10,-20.626389,138.354173,1.000000,267.237030,283.744293,264.163818,278.673798,264.163818,278.673798,1.391517,1.022809,0.072336,1.407532,5.483623,5.038337,8.652850,0.404288,0.573564,2.068141,1.074507,0.140796,16.436523,48.302303,34.406849,0.209981,0.098278,0.500000,0.599348,1.577520,233.307419,0.000000,287.711395,0.243340,0.091824,0.083092,0.031355
2016-09-13-20,6164,10,-20.626389,138.354173,1.000000,268.766632,286.734711,270.787018,286.274628,270.787018,286.274628,1.345791,1.022809,0.066477,1.407532,5.565863,4.987142,8.247099,0.319605,0.556136,1.957202,1.045047,0.135980,23.488312,48.302303,34.406849,0.209981,0.098278,0.500000,0.599348,1.577520,233.307419,0.000000,296.029785,0.245965,0.093479,0.086500,0.032874
2016-09-14-20,6188,10,-20.626389,138.354173,1.000000,239.538788,267.613342,266.480499,281.640717,266.480499,281.640717,1.399660,1.022809,0.073487,1.407532,5.624539,5.279595,8.985464,0.402708,0.614775,2.121203,1.055607,0.148637,19.741516,48.302303,34.406849,0.209981,0.098278,0.500000,0.599348,1.577520,233.307419,0.000000,291.290497,0.248405,0.095022,0.086440,0.033066
2016-09-16-20,6236,10,-20.626389,138.354173,1.000000,256.666046,281.284149,269.360199,284.544373,269.360199,284.544373,1.350258,1.022809,0.067018,1.407532,5.520016,4.938928,8.226114,0.329254,0.548313,1.957362,1.053986,0.134815,21.723267,48.302303,34.406849,0.209981,0.098278,0.500000,0.599348,1.577520,233.307419,0.000000,294.037750,0.244342,0.092456,0.085164,0.032225
2016-09-19-20,6308,10,-20.626389,138.354173,1.000000,172.900696,215.888092,215.387375,235.054291,215.387375,235.054291,0.429176,1.022809,0.943245,1.407532,53.578255,20.247496,25.830181,4.258780,3.939866,4.838109,0.891015,0.403817,19.504517,48.302303,34.406849,0.209981,0.098278,0.500000,0.599348,1.577520,233.307419,0.000000,292.462006,0.656538,0.488464,0.269338,0.200387
2016-09-21-20,6356,10,-20.626389,138.354173,1.000000,201.001465,241.295303,234.626282,254.112366,234.626282,254.112366,0.999665,1.022809,0.307894,1.407532,19.250668,12.026086,17.940973,1.824738,2.016123,3.845874,1.008467,0.289863,12.530975,48.302303,34.406849,0.209981,0.098278,0.500000,0.599348,1.577520,233.307419,0.000000,284.537994,0.491218,0.298570,0.179185,0.108912
2016-09-22-20,6380,10,-20.626389,138.354173,1.000000,223.635834,256.262939,248.153046,266.281494,248.153046,266.281494,1.338425,1.022809,0.169510,1.407532,9.922351,9.316905,14.843562,1.174982,1.442101,3.296779,1.034351,0.244111,12.895081,48.302303,34.406849,0.209981,0.098278,0.500000,0.599348,1.577520,233.307419,0.000000,284.300323,0.364711,0.180617,0.129639,0.064201
2016-09-24-20,6428,10,-20.626389,138.354173,1.000000,258.290588,278.523926,259.818604,278.565277,259.818604,278.565277,1.451067,1.022809,0.132491,1.407532,8.105498,8.997155,13.911292,0.839674,1.386213,2.998730,0.991317,0.236225,22.138184,48.302303,34.406849,0.209981,0.098278,0.500000,0.599348,1.577520,233.307419,0.000000,294.566711,0.323462,0.147649,0.120033,0.054791
2016-09-29-20,6548,10,-20.626389,138.354173,1.000000,263.292664,281.285919,254.696243,272.149231,254.696243,272.149231,1.442686,1.022809,0.135114,1.407532,7.990159,8.445520,13.679792,0.942800,1.259280,3.046571,1.032501,0.227463,15.242554,48.302303,34.406849,0.209981,0.098278,0.500000,0.599348,1.577520,233.307419,0.000000,286.921814,0.321092,0.145836,0.114346,0.051934
2016-09-30-20,6572,10,-20.626389,138.354173,1.000000,267.600098,285.947327,256.059570,273.538574,256.059570,273.538574,1.453615,1.022809,0.131201,1.407532,7.812163,8.380400,13.548109,0.905586,1.245508,3.009195,1.028715,0.225997,16.176636,48.302303,34.406849,0.209981,0.098278,0.500000,0.599348,1.577520,233.307419,0.000000,288.072601,0.316448,0.142319,0.113120,0.050874
2016-10-02-20,6620,10,-20.626389,138.354173,1.000000,212.427429,249.222672,250.788635,271.670349,250.788635,271.670349,1.253891,1.022809,0.198762,1.407532,12.248528,11.063679,16.171833,1.148320,1.851106,3.350923,0.962879,0.272610,22.944977,48.302303,34.406849,0.214388,0.098254,0.500000,0.599348,1.577520,233.307419,0.000000,295.718628,0.405571,0.215994,0.154844,0.082465
2016-10-05-20,6692,10,-20.626389,138.354173,1.000000,266.533630,283.222137,258.313385,275.426727,258.313385,275.426727,1.480483,1.022809,0.120199,1.407532,7.261265,7.964272,13.014076,0.826703,1.158768,2.905370,1.030280,0.217778,16.837952,48.302303,34.406849,0.214388,0.098254,0.500000,0.599348,1.577520,233.307419,0.000000,288.870087,0.301539,0.131272,0.107621,0.046852
2016-10-07-20,6740,10,-20.626389,138.354173,1.000000,267.714844,284.132721,262.154755,279.496368,262.154755,279.496368,1.495680,1.022809,0.111725,1.407532,6.963585,7.832003,12.670575,0.733075,1.131840,2.808534,1.015884,0.214316,20.090088,48.302303,34.406849,0.214388,0.098254,0.500000,0.599348,1.577520,233.307419,0.000000,292.666504,0.292723,0.124920,0.105990,0.045231
2016-10-08-20,6764,10,-20.626389,138.354173,1.000000,267.363281,285.179901,262.609924,279.941742,262.609924,279.941742,1.497343,1.022809,0.110402,1.407532,6.911870,7.784592,12.598035,0.721125,1.122016,2.793167,1.015040,0.213296,20.375061,48.302303,34.406849,0.214388,0.098254,0.500000,0.599348,1.577520,233.307419,0.000000,293.028809,0.291176,0.123819,0.105519,0.044871
2016-10-10-20,6812,10,-20.626389,138.354173,1.000000,270.708496,288.020081,264.555695,282.109100,264.555695,282.109100,1.501422,1.022809,0.105832,1.407532,6.790351,7.739336,12.406645,0.667275,1.114830,2.739104,1.003137,0.211722,22.842896,48.302303,34.406849,0.214388,0.098254,0.500000,0.599348,1.577520,233.307419,0.000000,295.165558,0.287365,0.121125,0.105385,0.044420
2016-10-13-20,6884,10,-20.626389,138.354173,1.000000,267.544250,284.888245,260.885345,277.580750,260.885345,277.580750,1.499321,1.022809,0.108149,1.407532,6.722613,7.427852,12.312040,0.730594,1.047251,2.767977,1.031818,0.206800,17.829712,48.302303,34.406849,0.214388,0.098254,0.500000,0.599348,1.577520,233.307419,0.000000,289.916260,0.285698,0.119950,0.101811,0.042745
2016-10-15-20,6932,10,-20.626389,138.354173,1.000000,270.473633,286.718201,262.552582,279.305023,262.552582,279.305023,1.501707,1.022809,0.104049,1.407532,6.592782,7.309045,12.089315,0.685482,1.022105,2.713728,1.026367,0.203971,19.257111,48.302303,34.406849,0.214388,0.098254,0.500000,0.599348,1.577520,233.307419,0.000000,291.491425,0.281568,0.117070,0.100888,0.041947
2016-10-16-20,6956,10,-20.626389,138.354173,1.000000,272.766388,288.095490,264.461365,281.471985,264.461365,281.471985,1.501803,1.022809,0.101362,1.407532,6.549448,7.316712,11.986988,0.647058,1.023764,2.678016,1.016250,0.203550,21.297729,48.302303,34.406849,0.214388,0.098254,0.500000,0.599348,1.577520,233.307419,0.000000,293.773865,0.280050,0.116020,0.101364,0.041993
2016-10-18-20,7004,10,-20.626389,138.354173,1.000000,270.309723,286.514648,264.283173,280.936401,264.283173,280.936401,1.500034,1.022809,0.098432,1.407532,6.399192,7.028388,11.693297,0.632499,0.963514,2.633866,1.024913,0.197848,20.272186,48.302303,34.406849,0.214388,0.098254,0.500000,0.599348,1.577520,233.307419,0.000000,292.755554,0.275341,0.112783,0.098800,0.040470
2016-10-21-20,7076,10,-20.626389,138.354173,1.000000,216.849335,252.345551,265.391205,282.718628,265.391205,282.718628,1.500855,1.022809,0.099140,1.407532,6.546007,7.391814,11.939228,0.610854,1.041340,2.651209,1.002387,0.204364,23.860504,48.302303,34.406849,0.214388,0.098254,0.500000,0.599348,1.577520,233.307419,0.000000,295.222687,0.279762,0.115823,0.102673,0.042507
2016-10-23-20,7124,10,-20.626389,138.354173,1.000000,260.219238,279.659210,263.429749,279.341736,263.429749,279.341736,1.498438,1.022809,0.097123,1.407532,6.209304,6.573792,11.355290,0.659091,0.875554,2.610096,1.050370,0.189447,16.044739,48.302303,34.406849,0.214388,0.098254,0.500000,0.599348,1.577520,233.307419,0.000000,290.388763,0.269491,0.108813,0.094270,0.038064
2016-10-24-20,7148,10,-20.626389,138.354173,1.000000,266.686340,283.990845,262.013123,277.992920,262.013123,277.992920,1.499187,1.022809,0.097769,1.407532,6.261658,6.690353,11.457107,0.656782,0.897551,2.620793,1.045126,0.191694,16.885132,48.302303,34.406849,0.214388,0.098254,0.500000,0.599348,1.577520,233.307419,0.000000,289.147003,0.271147,0.109931,0.095348,0.038657
2016-10-26-20,7196,10,-20.626389,138.354173,1.000000,273.077576,287.884399,265.971405,282.376648,265.971405,282.376648,1.487938,1.022809,0.091344,1.407532,6.166313,6.561257,11.084726,0.567946,0.866496,2.518429,1.027559,0.187659,20.953339,48.302303,34.406849,0.214388,0.098254,0.500000,0.599348,1.577520,233.307419,0.000000,293.674530,0.267601,0.107549,0.095769,0.038489
2016-10-29-20,7268,10,-20.626389,138.354173,1.000000,274.623718,292.609802,268.977234,285.942505,268.977234,285.942505,1.474327,1.022809,0.087047,1.407532,6.166821,6.556461,10.869123,0.506179,0.863608,2.455563,1.007120,0.186236,25.115570,48.302303,34.406849,0.214388,0.098254,0.500000,0.599348,1.577520,233.307419,0.000000,297.604706,0.267314,0.107360,0.097642,0.039215
2016-10-31-20,7316,10,-20.626389,138.354173,1.000000,275.336609,293.317017,270.499817,287.737579,270.499817,287.737579,1.462534,1.022809,0.084218,1.407532,6.157738,6.487793,10.682108,0.472292,0.848818,2.412573,0.997026,0.184018,27.293030,48.302303,34.406849,0.214388,0.098254,0.500000,0.599348,1.577520,233.307419,0.000000,299.561523,0.266867,0.107062,0.098467,0.039503
2016-11-01-20,7340,10,-20.626389,138.354173,1.000000,224.059677,259.349365,263.959991,280.500153,263.959991,280.500153,1.498942,1.022809,0.097348,1.407532,6.352695,6.939072,11.592562,0.624952,0.945060,2.616940,1.026783,0.196012,20.118042,48.302303,34.406849,0.221964,0.098255,0.500000,0.599348,1.577520,233.307419,0.000000,292.155640,0.273846,0.111764,0.098080,0.040029
2016-11-03-20,7388,10,-20.626389,138.354173,1.000000,268.926117,287.735565,268.847809,285.524261,268.847809,285.524261,1.463817,1.022809,0.084497,1.407532,6.067707,6.271740,10.555483,0.487615,0.803986,2.402266,1.014639,0.180168,24.386932,48.302303,34.406849,0.221964,0.098255,0.500000,0.599348,1.577520,233.307419,0.000000,296.839569,0.263981,0.105139,0.095702,0.038116
2016-11-06-20,7460,10,-20.626389,138.354173,1.000000,275.325439,290.045349,269.945007,286.693176,269.945007,286.693176,1.451377,1.022809,0.081915,1.407532,6.031248,6.127683,10.321533,0.459925,0.773232,2.354862,1.011496,0.176460,25.436096,48.302303,34.406849,0.221964,0.098255,0.500000,0.599348,1.577520,233.307419,0.000000,297.999695,0.262648,0.104257,0.095518,0.037916
2016-11-08-20,7508,10,-20.626389,138.354173,1.000000,273.507202,292.705994,272.724792,289.924469,272.724792,289.924469,1.429663,1.022809,0.078078,1.407532,6.039633,6.068414,10.042457,0.414816,0.760785,2.292493,0.997250,0.172832,28.582184,48.302303,34.406849,0.221964,0.098255,0.500000,0.599348,1.577520,233.307419,0.000000,301.534332,0.262738,0.104319,0.096922,0.038482
2016-11-09-20,7532,10,-20.626389,138.354173,1.000000,190.960083,233.353653,272.703796,290.584686,272.703796,290.584686,1.461097,1.022809,0.083913,1.407532,6.253971,6.710495,10.817606,0.458946,0.898457,2.425143,0.978374,0.187934,30.281555,48.302303,34.406849,0.221964,0.098255,0.500000,0.599348,1.577520,233.307419,0.000000,303.008575,0.269925,0.109115,0.101471,0.041019
2016-11-11-20,7580,10,-20.626389,138.354173,1.000000,263.395264,287.158447,271.691681,288.940186,271.691681,288.940186,1.438290,1.022809,0.079532,1.407532,6.080818,6.171039,10.223793,0.427093,0.780731,2.325076,0.994419,0.176270,28.704407,48.302303,34.406849,0.221964,0.098255,0.500000,0.599348,1.577520,233.307419,0.000000,300.642303,0.264153,0.105256,0.097720,0.038938
2016-11-14-20,7652,10,-20.626389,138.354173,1.000000,264.724182,284.830139,266.795929,282.619080,266.795929,282.619080,1.450276,1.022809,0.081684,1.407532,5.869947,5.844398,10.044483,0.480317,0.722314,2.325047,1.039512,0.168877,20.750824,48.302303,34.406849,0.221964,0.098255,0.500000,0.599348,1.577520,233.307419,0.000000,293.075623,0.257313,0.100754,0.090993,0.035629
2016-11-16-20,7700,10,-20.626389,138.354173,1.000000,272.374420,289.154114,268.962097,284.987091,268.962097,284.987091,1.430933,1.022809,0.078257,1.407532,5.842680,5.741405,9.740469,0.438059,0.700322,2.257568,1.032869,0.164274,22.654572,48.302303,34.406849,0.221964,0.098255,0.500000,0.599348,1.577520,233.307419,0.000000,295.534393,0.256183,0.100021,0.091197,0.035606
2016-11-17-20,7724,10,-20.626389,138.354173,1.000000,273.345947,291.605103,270.246552,286.625305,270.246552,286.625305,1.424591,1.022809,0.077241,1.407532,5.890481,5.799277,9.734863,0.419641,0.709892,2.247812,1.021268,0.165285,24.855011,48.302303,34.406849,0.221964,0.098255,0.500000,0.599348,1.577520,233.307419,0.000000,297.460846,0.257736,0.101033,0.092821,0.036386
2016-11-19-20,7772,10,-20.626389,138.354173,1.000000,274.081970,291.981262,271.930206,288.491852,271.930206,288.491852,1.400817,1.022809,0.073686,1.407532,5.868057,5.669135,9.393948,0.380546,0.684057,2.176825,1.014781,0.159756,26.782227,48.302303,34.406849,0.221964,0.098255,0.500000,0.599348,1.577520,233.307419,0.000000,299.415894,0.256811,0.100432,0.093089,0.036405
2016-11-22-20,7844,10,-20.626389,138.354173,1.000000,267.817596,290.953918,274.028503,291.106018,274.028503,291.106018,1.388281,1.022809,0.071957,1.407532,5.931211,5.713794,9.338118,0.357859,0.692301,2.158451,0.999120,0.159954,29.761780,48.302303,34.406849,0.221964,0.098255,0.500000,0.599348,1.577520,233.307419,0.000000,302.462494,0.258879,0.101782,0.095320,0.037477
2016-11-24-20,7892,10,-20.626389,138.354173,1.000000,275.018951,294.785461,273.096771,290.086639,273.096771,290.086639,1.388956,1.022809,0.072048,1.407532,5.926126,5.708995,9.338382,0.359076,0.691370,2.158992,1.000234,0.159879,29.559906,48.302303,34.406849,0.221964,0.098255,0.500000,0.599348,1.577520,233.307419,0.000000,301.364838,0.258711,0.101672,0.095152,0.037394
2016-11-25-20,7916,10,-20.626389,138.354173,1.000000,275.804321,294.132812,273.342957,290.136902,273.342957,290.136902,1.378623,1.022809,0.070658,1.407532,5.866951,5.571106,9.115997,0.347954,0.664962,2.118267,1.006673,0.155302,28.877258,48.302303,34.406849,0.221964,0.098255,0.500000,0.599348,1.577520,233.307419,0.000000,301.194702,0.256652,0.100330,0.093789,0.036664
2016-11-27-20,7964,10,-20.626389,138.354173,1.000000,277.124207,293.655884,272.417206,289.092133,272.417206,289.092133,1.386492,1.022809,0.071707,1.407532,5.864949,5.602942,9.209915,0.359144,0.671113,2.138165,1.009849,0.156795,28.089294,48.302303,34.406849,0.221964,0.098255,0.500000,0.599348,1.577520,233.307419,0.000000,300.076019,0.256624,0.100311,0.093482,0.036541
2016-11-30-20,8036,10,-20.626389,138.354173,1.000000,276.668152,294.102966,271.309326,287.625946,271.309326,287.625946,1.385700,1.022809,0.071592,1.407532,5.801393,5.500682,9.098594,0.362217,0.651959,2.121096,1.020472,0.153897,26.362488,48.302303,34.406849,0.221964,0.098255,0.500000,0.599348,1.577520,233.307419,0.000000,298.282745,0.254446,0.098898,0.091709,0.035645
2016-12-02-20,8084,10,-20.626389,138.354173,1.000000,258.370850,284.066528,273.940338,290.912415,273.940338,290.912415,1.379632,1.022809,0.070795,1.407532,5.898235,5.623449,9.178275,0.347708,0.674974,2.128404,1.001698,0.156816,29.646576,48.302303,34.406849,0.214069,0.098467,0.500000,0.599348,1.577520,233.307419,0.000000,302.139618,0.257722,0.101026,0.094650,0.037102
2016-12-03-20,8108,10,-20.626389,138.354173,1.000000,265.546936,288.374695,274.350586,291.205872,274.350586,291.205872,1.358767,1.022809,0.068105,1.407532,5.840142,5.440710,8.832211,0.323058,0.640121,2.061170,1.004349,0.150156,29.933197,48.302303,34.406849,0.214069,0.098467,0.500000,0.599348,1.577520,233.307419,0.000000,302.270325,0.255645,0.099676,0.093638,0.036510
2016-12-05-20,8156,10,-20.626389,138.354173,1.000000,275.669739,293.738342,273.739624,290.526367,273.739624,290.526367,1.364926,1.022809,0.068883,1.407532,5.841896,5.471439,8.909243,0.330879,0.645947,2.077159,1.006153,0.151483,29.430450,48.302303,34.406849,0.214069,0.098467,0.500000,0.599348,1.577520,233.307419,0.000000,301.552887,0.255732,0.099732,0.093501,0.036464
2016-12-08-20,8228,10,-20.626389,138.354173,1.000000,256.878845,283.011475,273.365814,290.091736,273.365814,290.091736,1.362083,1.022809,0.068522,1.407532,5.829950,5.440826,8.856024,0.327720,0.640120,2.066968,1.007186,0.150411,29.359863,48.302303,34.406849,0.214069,0.098467,0.500000,0.599348,1.577520,233.307419,0.000000,301.047272,0.255309,0.099458,0.093251,0.036327
2016-12-10-20,8276,10,-20.626389,138.354173,1.000000,275.291992,293.015076,274.387299,290.637604,274.387299,290.637604,1.342700,1.022809,0.066112,1.407532,5.686010,5.146592,8.399767,0.309003,0.584654,1.980738,1.024332,0.140532,27.181732,48.302303,34.406849,0.214069,0.098467,0.500000,0.599348,1.577520,233.307419,0.000000,301.080078,0.250217,0.096181,0.089837,0.034533
2016-12-11-20,8300,10,-20.626389,138.354173,1.000000,203.200211,239.829285,274.365662,290.941101,274.365662,290.941101,1.340626,1.022809,0.065867,1.407532,5.754873,5.235856,8.483034,0.303646,0.601279,1.993679,1.012253,0.142984,29.263947,48.302303,34.406849,0.214069,0.098467,0.500000,0.599348,1.577520,233.307419,0.000000,301.681305,0.252621,0.097723,0.091802,0.035512
2016-12-13-20,8348,10,-20.626389,138.354173,1.000000,267.605286,288.438873,273.371765,289.989227,273.371765,289.989227,1.362284,1.022809,0.068545,1.407532,5.806586,5.407130,8.821527,0.329041,0.633728,2.061602,1.011179,0.149479,28.701172,48.302303,34.406849,0.214069,0.098467,0.500000,0.599348,1.577520,233.307419,0.000000,300.833099,0.254506,0.098938,0.092587,0.035993
2016-12-16-20,8420,10,-20.626389,138.354173,1.000000,228.535187,263.903809,269.145233,287.028687,269.145233,287.028687,1.497275,1.022809,0.095787,1.407532,6.526025,7.430040,11.820709,0.566034,1.053758,2.612165,0.985381,0.204227,27.051239,48.302303,34.406849,0.214069,0.098467,0.500000,0.599348,1.577520,233.307419,0.000000,299.895203,0.278937,0.115255,0.104126,0.043024
2016-12-18-20,8468,10,-20.626389,138.354173,1.000000,258.168396,283.587402,273.393066,289.937531,273.393066,289.937531,1.372584,1.022809,0.069862,1.407532,5.804438,5.449261,8.942755,0.343069,0.641846,2.087477,1.015165,0.151446,27.693634,48.302303,34.406849,0.214069,0.098467,0.500000,0.599348,1.577520,233.307419,0.000000,300.740417,0.254481,0.098921,0.092209,0.035843
2016-12-19-20,8492,10,-20.626389,138.354173,1.000000,218.992981,254.676910,269.959839,287.370453,269.959839,287.370453,1.481005,1.022809,0.088939,1.407532,6.277837,6.850068,11.148815,0.514337,0.926769,2.497831,0.995184,0.192116,26.674286,48.302303,34.406849,0.214069,0.098467,0.500000,0.599348,1.577520,233.307419,0.000000,299.505188,0.270928,0.109790,0.100150,0.040584
2016-12-21-20,8540,10,-20.626389,138.354173,1.000000,192.196350,235.460358,270.020081,286.760315,270.020081,286.760315,1.440555,1.022809,0.079917,1.407532,6.002339,6.044694,10.127256,0.439266,0.756764,2.316387,1.009813,0.173240,26.143036,48.302303,34.406849,0.214069,0.098467,0.500000,0.599348,1.577520,233.307419,0.000000,297.995575,0.261594,0.103563,0.095295,0.037727
2016-12-24-20,8612,10,-20.626389,138.354173,1.000000,206.591888,247.081787,211.260849,231.642822,211.260849,231.642822,0.312357,1.022809,1.233455,1.407532,63.097321,23.814838,28.742350,5.384098,4.931810,5.077298,0.833220,0.446859,24.157532,48.302303,34.406849,0.214069,0.098467,0.500000,0.599348,1.577520,233.307419,0.000000,297.063721,0.678986,0.517204,0.295120,0.224801
2016-12-26-20,8660,10,-20.626389,138.354173,1.000000,237.472382,269.893860,212.002533,232.489426,212.002533,232.489426,0.327251,1.022809,1.191123,1.407532,61.723381,23.406254,28.333937,5.186090,4.841147,5.015121,0.834664,0.442182,24.483429,48.302303,34.406849,0.214069,0.098467,0.500000,0.599348,1.577520,233.307419,0.000000,297.411804,0.676023,0.513370,0.293408,0.222813
2016-12-27-20,8684,10,-20.626389,138.354173,1.000000,179.570221,223.037537,210.653244,231.209030,210.653244,231.209030,0.295094,1.022809,1.285025,1.407532,64.484573,24.483614,29.268879,5.592856,5.131384,5.116940,0.822684,0.454645,25.054443,48.302303,34.406849,0.214069,0.098467,0.500000,0.599348,1.577520,233.307419,0.000000,298.023102,0.681895,0.520978,0.299523,0.228840
2016-12-29-20,8732,10,-20.626389,138.354173,1.000000,216.845673,254.838104,220.592941,242.016617,220.592941,242.016617,0.485218,1.022809,0.834660,1.407532,48.494186,19.908810,24.925547,3.638726,4.012915,4.537607,0.856431,0.400006,25.894135,48.302303,34.406849,0.214069,0.098467,0.500000,0.599348,1.577520,233.307419,0.000000,301.008240,0.642268,0.470553,0.272755,0.199832
